Entity,Year,CO2
Afghanistan,2000,760.0
Afghanistan,2001,730.0
Afghanistan,2002,1029.999971
Afghanistan,2003,1220.000029
Afghanistan,2004,1029.999971
Afghanistan,2005,1549.999952
Afghanistan,2006,1759.99999
Afghanistan,2007,1769.999981
Afghanistan,2008,3559.999943
Afghanistan,2009,4880.000114
Afghanistan,2010,7110.000134
Afghanistan,2011,8930.000305
Afghanistan,2012,8079.999924
Afghanistan,2013,5989.999771
Afghanistan,2014,4880.000114
Afghanistan,2015,5949.999809
Afghanistan,2016,5300.000191
Afghanistan,2017,4780.00021
Afghanistan,2018,6070.000172
Afghanistan,2019,6079.999924
Afghanistan,2020,
Albania,2000,3170.0
Albania,2001,3230.0
Albania,2002,3759.99999
Albania,2003,4070.000172
Albania,2004,4250.0
Albania,2005,4030.00021
Albania,2006,4010.000229
Albania,2007,4139.999866
Albania,2008,4079.999924
Albania,2009,4219.99979
Albania,2010,4449.999809
Albania,2011,4849.999905
Albania,2012,4360.000134
Albania,2013,4440.000057
Albania,2014,4820.000172
Albania,2015,4619.999886
Albania,2016,4480.000019
Albania,2017,5139.999866
Albania,2018,5110.000134
Albania,2019,4829.999924
Albania,2020,
Algeria,2000,80050.0
Algeria,2001,78650.0
Algeria,2002,82400.00153
Algeria,2003,88190.00244
Algeria,2004,89489.99786
Algeria,2005,94190.00244
Algeria,2006,99809.99756
Algeria,2007,102750.0
Algeria,2008,107750.0
Algeria,2009,112169.9982
Algeria,2010,114180.0003
Algeria,2011,120790.0009
Algeria,2012,134929.9927
Algeria,2013,139020.0043
Algeria,2014,147740.0055
Algeria,2015,156270.0043
Algeria,2016,154910.0037
Algeria,2017,158339.9963
Algeria,2018,165539.9933
Algeria,2019,171250.0
Algeria,2020,
Angola,2000,16200.0
Angola,2001,15960.0
Angola,2002,15689.99958
Angola,2003,16760.00023
Angola,2004,17450.00076
Angola,2005,15810.00042
Angola,2006,16559.99947
Angola,2007,16969.99931
Angola,2008,19280.00069
Angola,2009,21149.99962
Angola,2010,22799.99924
Angola,2011,23870.00084
Angola,2012,23870.00084
Angola,2013,26959.99908
Angola,2014,29629.99916
Angola,2015,31649.99962
Angola,2016,29760.00023
Angola,2017,24250.0
Angola,2018,23959.99908
Angola,2019,25209.99908
Angola,2020,
Antigua and Barbuda,2000,330.0
Antigua and Barbuda,2001,350.0
Antigua and Barbuda,2002,389.9999857
Antigua and Barbuda,2003,409.9999964
Antigua and Barbuda,2004,400.000006
Antigua and Barbuda,2005,409.9999964
Antigua and Barbuda,2006,439.9999976
Antigua and Barbuda,2007,460.0000083
Antigua and Barbuda,2008,479.9999893
Antigua and Barbuda,2009,1389.999986
Antigua and Barbuda,2010,490.0000095
Antigua and Barbuda,2011,540.0000215
Antigua and Barbuda,2012,699.9999881
Antigua and Barbuda,2013,469.9999988
Antigua and Barbuda,2014,479.9999893
Antigua and Barbuda,2015,490.0000095
Antigua and Barbuda,2016,500.0
Antigua and Barbuda,2017,500.0
Antigua and Barbuda,2018,509.9999905
Antigua and Barbuda,2019,519.9999809
Antigua and Barbuda,2020,
Argentina,2000,132270.0
Argentina,2001,125260.0
Argentina,2002,117470.0012
Argentina,2003,127660.0037
Argentina,2004,141380.0049
Argentina,2005,145990.0055
Argentina,2006,154899.9939
Argentina,2007,162809.9976
Argentina,2008,167229.9957
Argentina,2009,156570.0073
Argentina,2010,167220.0012
Argentina,2011,176639.9994
Argentina,2012,177960.0067
Argentina,2013,183250.0
Argentina,2014,179600.0061
Argentina,2015,185550.0031
Argentina,2016,183160.0037
Argentina,2017,179320.0073
Argentina,2018,176899.9939
Argentina,2019,168100.0061
Argentina,2020,
Armenia,2000,3560.0
Armenia,2001,3600.0
Armenia,2002,3119.999886
Armenia,2003,3500.0
Armenia,2004,3759.99999
Armenia,2005,4460.000038
Armenia,2006,4489.999771
Armenia,2007,5199.999809
Armenia,2008,5690.000057
Armenia,2009,4510.000229
Armenia,2010,4340.000153
Armenia,2011,4940.000057
Armenia,2012,5719.99979
Armenia,2013,5500.0
Armenia,2014,5480.000019
Armenia,2015,5340.000153
Armenia,2016,5070.000172
Armenia,2017,5369.999886
Armenia,2018,5710.000038
Armenia,2019,6170.000076
Armenia,2020,
Aruba,2000,2379.883
Aruba,2001,2409.219
Aruba,2002,2438.555
Aruba,2003,2563.233
Aruba,2004,2618.238
Aruba,2005,2720.914
Aruba,2006,2717.247
Aruba,2007,2823.59
Aruba,2008,2658.575
Aruba,2009,2629.239
Aruba,2010,2508.228
Aruba,2011,2500.894
Aruba,2012,1349.456
Aruba,2013,861.745
Aruba,2014,872.746
Aruba,2015,898.415
Aruba,2016,883.747
Aruba,2017,
Aruba,2018,
Aruba,2019,
Aruba,2020,
Australia,2000,339450.0
Australia,2001,345640.0
Australia,2002,353369.9951
Australia,2003,352579.9866
Australia,2004,365809.9976
Australia,2005,370089.9963
Australia,2006,375489.9902
Australia,2007,385750.0
Australia,2008,388940.0024
Australia,2009,395290.0085
Australia,2010,387540.0085
Australia,2011,386380.0049
Australia,2012,386970.0012
Australia,2013,380279.9988
Australia,2014,371630.0049
Australia,2015,377799.9878
Australia,2016,384989.9902
Australia,2017,389160.0037
Australia,2018,387070.0073
Australia,2019,386529.9988
Australia,2020,
Austria,2000,63530.0
Austria,2001,67910.0
Austria,2002,69370.00275
Austria,2003,74459.99908
Austria,2004,75800.00305
Austria,2005,76239.99786
Austria,2006,74099.99847
Austria,2007,71239.99786
Austria,2008,70730.00336
Austria,2009,64419.99817
Austria,2010,69959.99908
Austria,2011,68269.99664
Austria,2012,65110.00061
Austria,2013,65750.0
Austria,2014,62049.99924
Austria,2015,63240.00168
Austria,2016,63680.00031
Austria,2017,65860.00061
Austria,2018,63060.00137
Austria,2019,64769.99664
Austria,2020,
Azerbaijan,2000,27690.0
Azerbaijan,2001,26400.0
Azerbaijan,2002,26180.00031
Azerbaijan,2003,28569.99969
Azerbaijan,2004,28309.99947
Azerbaijan,2005,30040.00092
Azerbaijan,2006,30489.99977
Azerbaijan,2007,27629.99916
Azerbaijan,2008,30450.00076
Azerbaijan,2009,25500.0
Azerbaijan,2010,24309.99947
Azerbaijan,2011,27280.00069
Azerbaijan,2012,30110.00061
Azerbaijan,2013,30940.00053
Azerbaijan,2014,32240.00168
Azerbaijan,2015,31770.00046
Azerbaijan,2016,32240.00168
Azerbaijan,2017,31959.99908
Azerbaijan,2018,32729.99954
Azerbaijan,2019,35509.99832
Azerbaijan,2020,
Bahamas,2000,
Bahamas,2001,
Bahamas,2002,
Bahamas,2003,
Bahamas,2004,
Bahamas,2005,
Bahamas,2006,
Bahamas,2007,
Bahamas,2008,
Bahamas,2009,
Bahamas,2010,
Bahamas,2011,
Bahamas,2012,
Bahamas,2013,
Bahamas,2014,
Bahamas,2015,
Bahamas,2016,
Bahamas,2017,
Bahamas,2018,
Bahamas,2019,
Bahamas,2020,
Bahrain,2000,15880.0
Bahrain,2001,16390.0
Bahrain,2002,17219.99931
Bahrain,2003,17940.00053
Bahrain,2004,17930.00031
Bahrain,2005,20690.00053
Bahrain,2006,22489.99977
Bahrain,2007,23000.0
Bahrain,2008,24760.00023
Bahrain,2009,24719.99931
Bahrain,2010,25969.99931
Bahrain,2011,26020.00046
Bahrain,2012,27170.00008
Bahrain,2013,28850.00038
Bahrain,2014,30280.00069
Bahrain,2015,30579.99992
Bahrain,2016,30299.99924
Bahrain,2017,30520.00046
Bahrain,2018,30809.99947
Bahrain,2019,33259.99832
Bahrain,2020,
Bangladesh,2000,21650.0
Bangladesh,2001,25780.0
Bangladesh,2002,27430.00031
Bangladesh,2003,28629.99916
Bangladesh,2004,30530.00069
Bangladesh,2005,32709.99908
Bangladesh,2006,35900.00153
Bangladesh,2007,37990.00168
Bangladesh,2008,41580.00183
Bangladesh,2009,44750.0
Bangladesh,2010,50580.00183
Bangladesh,2011,54419.99817
Bangladesh,2012,57990.00168
Bangladesh,2013,60599.99847
Bangladesh,2014,63830.00183
Bangladesh,2015,72190.00244
Bangladesh,2016,74379.99725
Bangladesh,2017,79339.99634
Bangladesh,2018,83449.99695
Bangladesh,2019,90739.99786
Bangladesh,2020,
Barbados,2000,1240.0
Barbados,2001,1310.0
Barbados,2002,1370.000005
Barbados,2003,1379.999995
Barbados,2004,1360.000014
Barbados,2005,1419.999957
Barbados,2006,1470.000029
Barbados,2007,1480.000019
Barbados,2008,1779.999971
Barbados,2009,4619.999886
Barbados,2010,1549.999952
Barbados,2011,1759.99999
Barbados,2012,2119.999886
Barbados,2013,1440.000057
Barbados,2014,1269.999981
Barbados,2015,1269.999981
Barbados,2016,1289.999962
Barbados,2017,1179.999948
Barbados,2018,1240.00001
Barbados,2019,1250.0
Barbados,2020,
Belarus,2000,52940.0
Belarus,2001,51880.0
Belarus,2002,51840.00015
Belarus,2003,52700.00076
Belarus,2004,56040.00092
Belarus,2005,56779.99878
Belarus,2006,59119.99893
Belarus,2007,57650.00153
Belarus,2008,60529.99878
Belarus,2009,57400.00153
Belarus,2010,61669.99817
Belarus,2011,58549.99924
Belarus,2012,59939.99863
Belarus,2013,59990.00168
Belarus,2014,59500.0
Belarus,2015,54819.99969
Belarus,2016,55139.99939
Belarus,2017,56009.99832
Belarus,2018,58950.00076
Belarus,2019,57669.99817
Belarus,2020,
Belgium,2000,117270.0
Belgium,2001,118340.0
Belgium,2002,110849.9985
Belgium,2003,115500.0
Belgium,2004,114019.9966
Belgium,2005,110610.0006
Belgium,2006,108650.0015
Belgium,2007,104589.9963
Belgium,2008,106930.0003
Belgium,2009,99669.99817
Belgium,2010,106720.0012
Belgium,2011,96480.00336
Belgium,2012,95269.99664
Belgium,2013,96589.99634
Belgium,2014,90139.99939
Belgium,2015,95129.99725
Belgium,2016,94220.00122
Belgium,2017,92720.00122
Belgium,2018,93660.00366
Belgium,2019,93010.00214
Belgium,2020,
Belize,2000,450.0
Belize,2001,530.0
Belize,2002,519.9999809
Belize,2003,509.9999905
Belize,2004,439.9999976
Belize,2005,469.9999988
Belize,2006,509.9999905
Belize,2007,529.9999714
Belize,2008,500.0
Belize,2009,1460.000038
Belize,2010,560.0000024
Belize,2011,670.0000167
Belize,2012,670.0000167
Belize,2013,460.0000083
Belize,2014,479.9999893
Belize,2015,680.0000072
Belize,2016,649.9999762
Belize,2017,639.9999857
Belize,2018,629.9999952
Belize,2019,639.9999857
Belize,2020,
Benin,2000,1420.0
Benin,2001,1740.0
Benin,2002,2180.000067
Benin,2003,2440.000057
Benin,2004,2650.000095
Benin,2005,2900.000095
Benin,2006,3470.000029
Benin,2007,4000.0
Benin,2008,4019.999981
Benin,2009,4420.000076
Benin,2010,4829.999924
Benin,2011,4650.000095
Benin,2012,4440.000057
Benin,2013,4679.999828
Benin,2014,5190.000057
Benin,2015,5510.000229
Benin,2016,6739.999771
Benin,2017,6869.999886
Benin,2018,7420.000076
Benin,2019,7300.000191
Benin,2020,
Bermuda,2000,517.047
Bermuda,2001,528.048
Bermuda,2002,557.384
Bermuda,2003,561.051
Bermuda,2004,583.053
Bermuda,2005,583.053
Bermuda,2006,652.726
Bermuda,2007,729.733
Bermuda,2008,649.059
Bermuda,2009,476.71
Bermuda,2010,608.722
Bermuda,2011,443.707
Bermuda,2012,366.7
Bermuda,2013,509.713
Bermuda,2014,649.059
Bermuda,2015,557.384
Bermuda,2016,612.389
Bermuda,2017,
Bermuda,2018,
Bermuda,2019,
Bermuda,2020,
Bhutan,2000,210.0
Bhutan,2001,230.0
Bhutan,2002,239.9999946
Bhutan,2003,259.9999905
Bhutan,2004,289.9999917
Bhutan,2005,319.9999928
Bhutan,2006,319.9999928
Bhutan,2007,319.9999928
Bhutan,2008,300.0000119
Bhutan,2009,319.9999928
Bhutan,2010,400.000006
Bhutan,2011,589.9999738
Bhutan,2012,639.9999857
Bhutan,2013,670.0000167
Bhutan,2014,699.9999881
Bhutan,2015,769.9999809
Bhutan,2016,930.0000072
Bhutan,2017,970.0000286
Bhutan,2018,1049.999952
Bhutan,2019,1049.999952
Bhutan,2020,
Bosnia and Herzegovina,2000,13960.0
Bosnia and Herzegovina,2001,13760.0
Bosnia and Herzegovina,2002,14560.00042
Bosnia and Herzegovina,2003,14869.99989
Bosnia and Herzegovina,2004,15569.99969
Bosnia and Herzegovina,2005,16229.99954
Bosnia and Herzegovina,2006,17909.99985
Bosnia and Herzegovina,2007,18889.99939
Bosnia and Herzegovina,2008,20760.00023
Bosnia and Herzegovina,2009,20590.00015
Bosnia and Herzegovina,2010,20840.00015
Bosnia and Herzegovina,2011,23739.99977
Bosnia and Herzegovina,2012,21959.99908
Bosnia and Herzegovina,2013,21850.00038
Bosnia and Herzegovina,2014,19489.99977
Bosnia and Herzegovina,2015,19620.00084
Bosnia and Herzegovina,2016,22340.00015
Bosnia and Herzegovina,2017,22680.00031
Bosnia and Herzegovina,2018,22600.00038
Bosnia and Herzegovina,2019,21069.99969
Bosnia and Herzegovina,2020,
Botswana,2000,4030.0
Botswana,2001,3870.0
Botswana,2002,4030.00021
Botswana,2003,3920.000076
Botswana,2004,3970.000029
Botswana,2005,4280.00021
Botswana,2006,4090.000153
Botswana,2007,4320.000172
Botswana,2008,4389.999866
Botswana,2009,4190.000057
Botswana,2010,3369.999886
Botswana,2011,3880.000114
Botswana,2012,3410.000086
Botswana,2013,5420.000076
Botswana,2014,6989.999771
Botswana,2015,6949.999809
Botswana,2016,6630.000114
Botswana,2017,7329.999924
Botswana,2018,7309.999943
Botswana,2019,7250.0
Botswana,2020,
Brazil,2000,313670.0
Brazil,2001,319380.0
Brazil,2002,317760.0098
Brazil,2003,310809.9976
Brazil,2004,328519.989
Brazil,2005,331690.0024
Brazil,2006,335619.9951
Brazil,2007,352559.9976
Brazil,2008,373630.0049
Brazil,2009,350000.0
Brazil,2010,397929.9927
Brazil,2011,418309.9976
Brazil,2012,454230.011
Brazil,2013,486839.9963
Brazil,2014,511619.9951
Brazil,2015,485339.9963
Brazil,2016,447079.9866
Brazil,2017,456489.9902
Brazil,2018,433989.9902
Brazil,2019,434299.9878
Brazil,2020,
Bulgaria,2000,43420.0
Bulgaria,2001,46190.0
Bulgaria,2002,43599.99847
Bulgaria,2003,47930.00031
Bulgaria,2004,47270.00046
Bulgaria,2005,47990.00168
Bulgaria,2006,48950.00076
Bulgaria,2007,52599.99847
Bulgaria,2008,50040.00092
Bulgaria,2009,42909.99985
Bulgaria,2010,44740.00168
Bulgaria,2011,49639.99939
Bulgaria,2012,45020.00046
Bulgaria,2013,39659.99985
Bulgaria,2014,42049.99924
Bulgaria,2015,44560.00137
Bulgaria,2016,41590.00015
Bulgaria,2017,43880.00107
Bulgaria,2018,40900.00153
Bulgaria,2019,39139.99939
Bulgaria,2020,
Burkina Faso,2000,940.0
Burkina Faso,2001,970.0
Burkina Faso,2002,959.9999785
Burkina Faso,2003,1039.999962
Burkina Faso,2004,1059.999943
Burkina Faso,2005,1059.999943
Burkina Faso,2006,1240.00001
Burkina Faso,2007,1409.999967
Burkina Faso,2008,1700.000048
Burkina Faso,2009,1730.000019
Burkina Faso,2010,2289.999962
Burkina Faso,2011,2460.000038
Burkina Faso,2012,2940.000057
Burkina Faso,2013,3130.000114
Burkina Faso,2014,3180.000067
Burkina Faso,2015,3700.000048
Burkina Faso,2016,3700.000048
Burkina Faso,2017,4269.999981
Burkina Faso,2018,4670.000076
Burkina Faso,2019,5000.0
Burkina Faso,2020,
Burundi,2000,260.0
Burundi,2001,200.0
Burundi,2002,209.9999934
Burundi,2003,159.9999964
Burundi,2004,150.000006
Burundi,2005,150.000006
Burundi,2006,180.0000072
Burundi,2007,180.0000072
Burundi,2008,180.0000072
Burundi,2009,180.0000072
Burundi,2010,300.0000119
Burundi,2011,360.0000143
Burundi,2012,370.0000048
Burundi,2013,389.9999857
Burundi,2014,379.9999952
Burundi,2015,400.000006
Burundi,2016,439.9999976
Burundi,2017,529.9999714
Burundi,2018,689.9999976
Burundi,2019,720.0000286
Burundi,2020,
Cambodia,2000,1960.0
Cambodia,2001,2150.0
Cambodia,2002,2210.000038
Cambodia,2003,2380.000114
Cambodia,2004,2380.000114
Cambodia,2005,2660.000086
Cambodia,2006,2960.000038
Cambodia,2007,3660.000086
Cambodia,2008,4059.999943
Cambodia,2009,4750.0
Cambodia,2010,5139.999866
Cambodia,2011,5360.000134
Cambodia,2012,5670.000076
Cambodia,2013,5739.999771
Cambodia,2014,6949.999809
Cambodia,2015,8430.000305
Cambodia,2016,11069.99969
Cambodia,2017,12689.99958
Cambodia,2018,14579.99992
Cambodia,2019,16180.00031
Cambodia,2020,
Cameroon,2000,5210.0
Cameroon,2001,5160.0
Cameroon,2002,5130.000114
Cameroon,2003,5210.000038
Cameroon,2004,5119.999886
Cameroon,2005,5019.999981
Cameroon,2006,5090.000153
Cameroon,2007,6130.000114
Cameroon,2008,6389.999866
Cameroon,2009,7030.00021
Cameroon,2010,7010.000229
Cameroon,2011,6809.999943
Cameroon,2012,6880.000114
Cameroon,2013,7550.000191
Cameroon,2014,8250.0
Cameroon,2015,8460.000038
Cameroon,2016,9079.999924
Cameroon,2017,9170.000076
Cameroon,2018,9590.000153
Cameroon,2019,9430.000305
Cameroon,2020,
Canada,2000,514220.0
Canada,2001,506620.0
Canada,2002,524349.9756
Canada,2003,544539.978
Canada,2004,536419.9829
Canada,2005,549030.0293
Canada,2006,540530.0293
Canada,2007,571630.0049
Canada,2008,550469.9707
Canada,2009,521320.0073
Canada,2010,537010.0098
Canada,2011,549289.978
Canada,2012,546210.022
Canada,2013,555659.9731
Canada,2014,561679.9927
Canada,2015,558700.0122
Canada,2016,556830.0171
Canada,2017,568080.0171
Canada,2018,580090.0269
Canada,2019,580210.022
Canada,2020,
Cayman Islands,2000,465.709
Cayman Islands,2001,465.709
Cayman Islands,2002,484.044
Cayman Islands,2003,484.044
Cayman Islands,2004,462.042
Cayman Islands,2005,473.043
Cayman Islands,2006,484.044
Cayman Islands,2007,572.052
Cayman Islands,2008,583.053
Cayman Islands,2009,557.384
Cayman Islands,2010,557.384
Cayman Islands,2011,586.72
Cayman Islands,2012,535.382
Cayman Islands,2013,535.382
Cayman Islands,2014,546.383
Cayman Islands,2015,557.384
Cayman Islands,2016,546.383
Cayman Islands,2017,
Cayman Islands,2018,
Cayman Islands,2019,
Cayman Islands,2020,
Central African Republic,2000,240.0
Central African Republic,2001,250.0
Central African Republic,2002,250.0
Central African Republic,2003,230.0000042
Central African Republic,2004,230.0000042
Central African Republic,2005,219.9999988
Central African Republic,2006,230.0000042
Central African Republic,2007,239.9999946
Central African Republic,2008,170.0000018
Central African Republic,2009,170.0000018
Central African Republic,2010,170.0000018
Central African Republic,2011,189.9999976
Central African Republic,2012,200.000003
Central African Republic,2013,119.9999973
Central African Republic,2014,129.9999952
Central African Republic,2015,189.9999976
Central African Republic,2016,209.9999934
Central African Republic,2017,219.9999988
Central African Republic,2018,230.0000042
Central African Republic,2019,239.9999946
Central African Republic,2020,
Chad,2000,290.0
Chad,2001,340.0
Chad,2002,400.000006
Chad,2003,449.9999881
Chad,2004,449.9999881
Chad,2005,479.9999893
Chad,2006,509.9999905
Chad,2007,500.0
Chad,2008,540.0000215
Chad,2009,790.0000215
Chad,2010,1240.00001
Chad,2011,1100.000024
Chad,2012,1860.000014
Chad,2013,2190.000057
Chad,2014,2259.99999
Chad,2015,2390.000105
Chad,2016,2210.000038
Chad,2017,2150.000095
Chad,2018,2190.000057
Chad,2019,2250.0
Chad,2020,
Chile,2000,50420.0
Chile,2001,48430.0
Chile,2002,49119.99893
Chile,2003,50200.00076
Chile,2004,54970.00122
Chile,2005,55970.00122
Chile,2006,57150.00153
Chile,2007,64569.99969
Chile,2008,67989.99786
Chile,2009,65449.99695
Chile,2010,69750.0
Chile,2011,76470.00122
Chile,2012,78410.00366
Chile,2013,83000.0
Chile,2014,76559.99756
Chile,2015,82230.00336
Chile,2016,86489.99786
Chile,2017,87069.99969
Chile,2018,86610.00061
Chile,2019,91370.00275
Chile,2020,
China,2000,3346530.0
China,2001,3529080.0
China,2002,3810060.059
China,2003,4415910.156
China,2004,5124819.824
China,2005,5824629.883
China,2006,6437470.215
China,2007,6993180.176
China,2008,7199600.098
China,2009,7719069.824
China,2010,8474919.922
China,2011,9282549.805
China,2012,9541870.117
China,2013,9984570.313
China,2014,10006669.92
China,2015,9861099.609
China,2016,9874660.156
China,2017,10096009.77
China,2018,10502929.69
China,2019,10707219.73
China,2020,
Colombia,2000,58340.0
Colombia,2001,58940.0
Colombia,2002,56770.00046
Colombia,2003,56110.00061
Colombia,2004,56110.00061
Colombia,2005,57639.99939
Colombia,2006,57689.99863
Colombia,2007,59180.00031
Colombia,2008,59779.99878
Colombia,2009,62009.99832
Colombia,2010,63560.00137
Colombia,2011,69099.99847
Colombia,2012,69699.99695
Colombia,2013,76860.00061
Colombia,2014,79199.99695
Colombia,2015,80230.00336
Colombia,2016,82680.00031
Colombia,2017,74989.99786
Colombia,2018,78589.99634
Colombia,2019,81040.00092
Colombia,2020,
Comoros,2000,100.0
Comoros,2001,110.0
Comoros,2002,109.9999994
Comoros,2003,140.0000006
Comoros,2004,150.000006
Comoros,2005,150.000006
Comoros,2006,170.0000018
Comoros,2007,109.9999994
Comoros,2008,109.9999994
Comoros,2009,140.0000006
Comoros,2010,170.0000018
Comoros,2011,150.000006
Comoros,2012,159.9999964
Comoros,2013,189.9999976
Comoros,2014,170.0000018
Comoros,2015,189.9999976
Comoros,2016,219.9999988
Comoros,2017,280.0000012
Comoros,2018,300.0000119
Comoros,2019,319.9999928
Comoros,2020,
Congo,2000,
Congo,2001,
Congo,2002,
Congo,2003,
Congo,2004,
Congo,2005,
Congo,2006,
Congo,2007,
Congo,2008,
Congo,2009,
Congo,2010,
Congo,2011,
Congo,2012,
Congo,2013,
Congo,2014,
Congo,2015,
Congo,2016,
Congo,2017,
Congo,2018,
Congo,2019,
Congo,2020,
Costa Rica,2000,4950.0
Costa Rica,2001,5420.0
Costa Rica,2002,5519.999981
Costa Rica,2003,5800.000191
Costa Rica,2004,5940.000057
Costa Rica,2005,6269.999981
Costa Rica,2006,6559.999943
Costa Rica,2007,7599.999905
Costa Rica,2008,7519.999981
Costa Rica,2009,7199.999809
Costa Rica,2010,7110.000134
Costa Rica,2011,7429.999828
Costa Rica,2012,7449.999809
Costa Rica,2013,7780.00021
Costa Rica,2014,7829.999924
Costa Rica,2015,7539.999962
Costa Rica,2016,8079.999924
Costa Rica,2017,8260.000229
Costa Rica,2018,8369.999886
Costa Rica,2019,8239.999771
Costa Rica,2020,
Croatia,2000,18040.0
Croatia,2001,19200.0
Croatia,2002,20280.00069
Croatia,2003,21610.00061
Croatia,2004,21100.00038
Croatia,2005,21450.00076
Croatia,2006,21610.00061
Croatia,2007,22879.99916
Croatia,2008,21729.99954
Croatia,2009,20309.99947
Croatia,2010,19459.99908
Croatia,2011,19030.00069
Croatia,2012,17409.99985
Croatia,2013,17010.00023
Croatia,2014,16239.99977
Croatia,2015,16600.00038
Croatia,2016,16879.99916
Croatia,2017,17409.99985
Croatia,2018,16430.00031
Croatia,2019,16520.00046
Croatia,2020,
Cuba,2000,28350.0
Cuba,2001,27470.0
Cuba,2002,26420.00008
Cuba,2003,25629.99916
Cuba,2004,25360.00061
Cuba,2005,26319.99969
Cuba,2006,26780.00069
Cuba,2007,27680.00031
Cuba,2008,26750.0
Cuba,2009,26979.99954
Cuba,2010,28110.00061
Cuba,2011,27590.00015
Cuba,2012,28690.00053
Cuba,2013,28870.00084
Cuba,2014,26690.00053
Cuba,2015,29209.99908
Cuba,2016,27170.00008
Cuba,2017,26239.99977
Cuba,2018,26709.99908
Cuba,2019,25909.99985
Cuba,2020,
Cyprus,2000,7130.0
Cyprus,2001,6990.0
Cyprus,2002,7170.000076
Cyprus,2003,7829.999924
Cyprus,2004,7780.00021
Cyprus,2005,7900.000095
Cyprus,2006,8000.0
Cyprus,2007,8310.00042
Cyprus,2008,8489.999771
Cyprus,2009,8279.999733
Cyprus,2010,7900.000095
Cyprus,2011,7630.000114
Cyprus,2012,7099.999905
Cyprus,2013,6429.999828
Cyprus,2014,6809.999943
Cyprus,2015,6849.999905
Cyprus,2016,7219.99979
Cyprus,2017,7360.000134
Cyprus,2018,7199.999809
Cyprus,2019,7190.000057
Cyprus,2020,
Czechia,2000,123170.0
Czechia,2001,122720.0
Czechia,2002,118529.9988
Czechia,2003,122769.9966
Czechia,2004,123440.0024
Czechia,2005,119989.9979
Czechia,2006,120599.9985
Czechia,2007,123620.0027
Czechia,2008,118309.9976
Czechia,2009,111169.9982
Czechia,2010,112250.0
Czechia,2011,109169.9982
Czechia,2012,106069.9997
Czechia,2013,101150.0015
Czechia,2014,97510.00214
Czechia,2015,99139.99939
Czechia,2016,101730.0034
Czechia,2017,101830.0018
Czechia,2018,100900.0015
Czechia,2019,96290.00092
Czechia,2020,
Denmark,2000,52600.0
Denmark,2001,54250.0
Denmark,2002,53840.00015
Denmark,2003,59229.99954
Denmark,2004,53729.99954
Denmark,2005,50200.00076
Denmark,2006,58130.00107
Denmark,2007,53409.99985
Denmark,2008,50130.00107
Denmark,2009,47930.00031
Denmark,2010,48119.99893
Denmark,2011,43099.99847
Denmark,2012,38220.00122
Denmark,2013,39959.99908
Denmark,2014,35819.99969
Denmark,2015,33700.00076
Denmark,2016,35319.99969
Denmark,2017,33130.00107
Denmark,2018,33130.00107
Denmark,2019,29700.00076
Denmark,2020,
Djibouti,2000,370.0
Djibouti,2001,380.0
Djibouti,2002,400.000006
Djibouti,2003,409.9999964
Djibouti,2004,400.000006
Djibouti,2005,430.0000072
Djibouti,2006,430.0000072
Djibouti,2007,469.9999988
Djibouti,2008,469.9999988
Djibouti,2009,469.9999988
Djibouti,2010,519.9999809
Djibouti,2011,479.9999893
Djibouti,2012,500.0
Djibouti,2013,560.0000024
Djibouti,2014,400.000006
Djibouti,2015,460.0000083
Djibouti,2016,419.9999869
Djibouti,2017,419.9999869
Djibouti,2018,400.000006
Djibouti,2019,419.9999869
Djibouti,2020,
Dominica,2000,130.0
Dominica,2001,150.0
Dominica,2002,119.9999973
Dominica,2003,140.0000006
Dominica,2004,159.9999964
Dominica,2005,159.9999964
Dominica,2006,170.0000018
Dominica,2007,180.0000072
Dominica,2008,180.0000072
Dominica,2009,500.0
Dominica,2010,180.0000072
Dominica,2011,180.0000072
Dominica,2012,250.0
Dominica,2013,170.0000018
Dominica,2014,180.0000072
Dominica,2015,180.0000072
Dominica,2016,180.0000072
Dominica,2017,170.0000018
Dominica,2018,170.0000018
Dominica,2019,170.0000018
Dominica,2020,
Dominican Republic,2000,18670.0
Dominican Republic,2001,18980.0
Dominican Republic,2002,20879.99916
Dominican Republic,2003,18729.99954
Dominican Republic,2004,17280.00069
Dominican Republic,2005,18690.00053
Dominican Republic,2006,20370.00084
Dominican Republic,2007,20629.99916
Dominican Republic,2008,20579.99992
Dominican Republic,2009,19659.99985
Dominican Republic,2010,20680.00031
Dominican Republic,2011,20909.99985
Dominican Republic,2012,21680.00031
Dominican Republic,2013,21290.00092
Dominican Republic,2014,21450.00076
Dominican Republic,2015,23590.00015
Dominican Republic,2016,24590.00015
Dominican Republic,2017,23549.99924
Dominican Republic,2018,25309.99947
Dominican Republic,2019,27229.99954
Dominican Republic,2020,
Ecuador,2000,22050.0
Ecuador,2001,24250.0
Ecuador,2002,24170.00008
Ecuador,2003,24659.99985
Ecuador,2004,26180.00031
Ecuador,2005,28219.99931
Ecuador,2006,30129.99916
Ecuador,2007,30639.99939
Ecuador,2008,31690.00053
Ecuador,2009,34500.0
Ecuador,2010,37250.0
Ecuador,2011,37099.99847
Ecuador,2012,37090.00015
Ecuador,2013,39700.00076
Ecuador,2014,41799.99924
Ecuador,2015,41520.00046
Ecuador,2016,39810.00137
Ecuador,2017,38549.99924
Ecuador,2018,40139.99939
Ecuador,2019,39290.00092
Ecuador,2020,
Egypt,2000,
Egypt,2001,
Egypt,2002,
Egypt,2003,
Egypt,2004,
Egypt,2005,
Egypt,2006,
Egypt,2007,
Egypt,2008,
Egypt,2009,
Egypt,2010,
Egypt,2011,
Egypt,2012,
Egypt,2013,
Egypt,2014,
Egypt,2015,
Egypt,2016,
Egypt,2017,
Egypt,2018,
Egypt,2019,
Egypt,2020,
El Salvador,2000,5630.0
El Salvador,2001,5870.0
El Salvador,2002,5940.000057
El Salvador,2003,6510.000229
El Salvador,2004,6679.999828
El Salvador,2005,6840.000153
El Salvador,2006,7239.999771
El Salvador,2007,7630.000114
El Salvador,2008,6909.999847
El Salvador,2009,6679.999828
El Salvador,2010,6539.999962
El Salvador,2011,6780.00021
El Salvador,2012,6769.999981
El Salvador,2013,6460.000038
El Salvador,2014,6590.000153
El Salvador,2015,7000.0
El Salvador,2016,7170.000076
El Salvador,2017,6380.000114
El Salvador,2018,6809.999943
El Salvador,2019,7800.000191
El Salvador,2020,
Equatorial Guinea,2000,2220.0
Equatorial Guinea,2001,3400.0
Equatorial Guinea,2002,4630.000114
Equatorial Guinea,2003,5010.000229
Equatorial Guinea,2004,6199.999809
Equatorial Guinea,2005,8319.999695
Equatorial Guinea,2006,9369.999886
Equatorial Guinea,2007,8539.999962
Equatorial Guinea,2008,9779.999733
Equatorial Guinea,2009,9710.000038
Equatorial Guinea,2010,9949.999809
Equatorial Guinea,2011,9989.999771
Equatorial Guinea,2012,9819.999695
Equatorial Guinea,2013,9180.000305
Equatorial Guinea,2014,7909.999847
Equatorial Guinea,2015,6570.000172
Equatorial Guinea,2016,6659.999847
Equatorial Guinea,2017,5800.000191
Equatorial Guinea,2018,6429.999828
Equatorial Guinea,2019,5349.999905
Equatorial Guinea,2020,
Eritrea,2000,640.0
Eritrea,2001,700.0
Eritrea,2002,680.0000072
Eritrea,2003,689.9999976
Eritrea,2004,680.0000072
Eritrea,2005,600.0000238
Eritrea,2006,519.9999809
Eritrea,2007,509.9999905
Eritrea,2008,449.9999881
Eritrea,2009,469.9999988
Eritrea,2010,500.0
Eritrea,2011,569.9999928
Eritrea,2012,620.0000048
Eritrea,2013,639.9999857
Eritrea,2014,649.9999762
Eritrea,2015,649.9999762
Eritrea,2016,660.0000262
Eritrea,2017,720.0000286
Eritrea,2018,850.0000238
Eritrea,2019,879.9999952
Eritrea,2020,
Estonia,2000,14920.0
Estonia,2001,15380.0
Estonia,2002,14949.99981
Estonia,2003,16940.00053
Estonia,2004,17020.00046
Estonia,2005,17229.99954
Estonia,2006,15979.99954
Estonia,2007,19979.99954
Estonia,2008,18399.99962
Estonia,2009,15050.00019
Estonia,2010,19000.0
Estonia,2011,18170.00008
Estonia,2012,16889.99939
Estonia,2013,19319.99969
Estonia,2014,17940.00053
Estonia,2015,15539.99996
Estonia,2016,15989.99977
Estonia,2017,16709.99908
Estonia,2018,15319.99969
Estonia,2019,10180.00031
Estonia,2020,
Eswatini,2000,690.0
Eswatini,2001,610.0
Eswatini,2002,620.0000048
Eswatini,2003,629.9999952
Eswatini,2004,629.9999952
Eswatini,2005,660.0000262
Eswatini,2006,649.9999762
Eswatini,2007,660.0000262
Eswatini,2008,629.9999952
Eswatini,2009,699.9999881
Eswatini,2010,649.9999762
Eswatini,2011,660.0000262
Eswatini,2012,680.0000072
Eswatini,2013,750.0
Eswatini,2014,750.0
Eswatini,2015,769.9999809
Eswatini,2016,839.9999738
Eswatini,2017,889.9999857
Eswatini,2018,910.0000262
Eswatini,2019,959.9999785
Eswatini,2020,
Ethiopia,2000,3560.0
Ethiopia,2001,4400.0
Ethiopia,2002,4570.000172
Ethiopia,2003,5019.999981
Ethiopia,2004,5329.999924
Ethiopia,2005,5050.000191
Ethiopia,2006,5400.000095
Ethiopia,2007,5960.000038
Ethiopia,2008,6489.999771
Ethiopia,2009,6530.00021
Ethiopia,2010,6469.99979
Ethiopia,2011,7539.999962
Ethiopia,2012,8479.999542
Ethiopia,2013,10079.99992
Ethiopia,2014,12340.00015
Ethiopia,2015,12890.00034
Ethiopia,2016,14970.00027
Ethiopia,2017,15819.99969
Ethiopia,2018,17239.99977
Ethiopia,2019,18360.00061
Ethiopia,2020,
Fiji,2000,810.0
Fiji,2001,1040.0
Fiji,2002,879.9999952
Fiji,2003,1049.999952
Fiji,2004,1470.000029
Fiji,2005,1289.999962
Fiji,2006,1379.999995
Fiji,2007,1259.99999
Fiji,2008,970.0000286
Fiji,2009,970.0000286
Fiji,2010,1159.999967
Fiji,2011,1110.000014
Fiji,2012,1029.999971
Fiji,2013,1129.999995
Fiji,2014,1289.999962
Fiji,2015,1379.999995
Fiji,2016,1519.999981
Fiji,2017,1649.999976
Fiji,2018,1629.999995
Fiji,2019,1629.999995
Fiji,2020,
Finland,2000,55100.0
Finland,2001,61090.0
Finland,2002,63439.99863
Finland,2003,71709.99908
Finland,2004,67680.00031
Finland,2005,55459.99908
Finland,2006,67019.99664
Finland,2007,65099.99847
Finland,2008,56659.99985
Finland,2009,54180.00031
Finland,2010,62529.99878
Finland,2011,55119.99893
Finland,2012,49409.99985
Finland,2013,50189.99863
Finland,2014,46159.99985
Finland,2015,42819.99969
Finland,2016,45700.00076
Finland,2017,43020.00046
Finland,2018,44580.00183
Finland,2019,40709.99908
Finland,2020,
France,2000,373120.0
France,2001,376730.0
France,2002,371019.989
France,2003,376709.9915
France,2004,377790.0085
France,2005,380660.0037
France,2006,371549.9878
France,2007,362829.9866
France,2008,357989.9902
France,2009,343730.011
France,2010,347779.9988
France,2011,335140.0146
France,2012,338420.0134
France,2013,338559.9976
France,2014,306100.0061
France,2015,311299.9878
France,2016,313920.0134
France,2017,317829.9866
France,2018,307049.9878
France,2019,300519.989
France,2020,
French Guiana,2000,
Gabon,2000,6080.0
Gabon,2001,6230.0
Gabon,2002,5960.000038
Gabon,2003,6440.000057
Gabon,2004,6090.000153
Gabon,2005,6059.999943
Gabon,2006,5440.000057
Gabon,2007,4940.000057
Gabon,2008,5269.999981
Gabon,2009,5199.999809
Gabon,2010,5760.000229
Gabon,2011,5780.00021
Gabon,2012,5599.999905
Gabon,2013,5789.999962
Gabon,2014,5960.000038
Gabon,2015,6119.999886
Gabon,2016,6420.000076
Gabon,2017,5329.999924
Gabon,2018,5119.999886
Gabon,2019,5250.0
Gabon,2020,
Gambia,2000,
Gambia,2001,
Gambia,2002,
Gambia,2003,
Gambia,2004,
Gambia,2005,
Gambia,2006,
Gambia,2007,
Gambia,2008,
Gambia,2009,
Gambia,2010,
Gambia,2011,
Gambia,2012,
Gambia,2013,
Gambia,2014,
Gambia,2015,
Gambia,2016,
Gambia,2017,
Gambia,2018,
Gambia,2019,
Gambia,2020,
Georgia,2000,4770.0
Georgia,2001,3520.0
Georgia,2002,2960.000038
Georgia,2003,3160.000086
Georgia,2004,3369.999886
Georgia,2005,4239.999771
Georgia,2006,4699.999809
Georgia,2007,5630.000114
Georgia,2008,4840.000153
Georgia,2009,5619.999886
Georgia,2010,5320.000172
Georgia,2011,6519.999981
Georgia,2012,7190.000057
Georgia,2013,7840.000153
Georgia,2014,8470.000267
Georgia,2015,9199.999809
Georgia,2016,9649.999619
Georgia,2017,9729.999542
Georgia,2018,9569.999695
Georgia,2019,10109.99966
Georgia,2020,
Germany,2000,830280.0
Germany,2001,847680.0
Germany,2002,833380.0049
Germany,2003,836789.978
Germany,2004,821070.0073
Germany,2005,802380.0049
Germany,2006,814409.9731
Germany,2007,783799.9878
Germany,2008,789690.0024
Germany,2009,734809.9976
Germany,2010,773070.0073
Germany,2011,746479.9805
Germany,2012,760130.0049
Germany,2013,776150.0244
Germany,2014,736010.0098
Germany,2015,742309.9976
Germany,2016,747150.0244
Germany,2017,732200.0122
Germany,2018,707700.0122
Germany,2019,657400.0244
Germany,2020,
Ghana,2000,5740.0
Ghana,2001,6210.0
Ghana,2002,7429.999828
Ghana,2003,7139.999866
Ghana,2004,6679.999828
Ghana,2005,7039.999962
Ghana,2006,8510.000229
Ghana,2007,9119.999886
Ghana,2008,8659.999847
Ghana,2009,10010.00023
Ghana,2010,11189.99958
Ghana,2011,11750.0
Ghana,2012,14609.99966
Ghana,2013,15630.00011
Ghana,2014,15090.00015
Ghana,2015,15779.99973
Ghana,2016,16069.99969
Ghana,2017,17010.00023
Ghana,2018,18680.00031
Ghana,2019,20040.00092
Ghana,2020,
Greece,2000,94460.0
Greece,2001,96610.0
Greece,2002,96599.99847
Greece,2003,100220.0012
Greece,2004,99839.99634
Greece,2005,101949.9969
Greece,2006,100699.9969
Greece,2007,104309.9976
Greece,2008,100410.0037
Greece,2009,94739.99786
Greece,2010,87580.00183
Greece,2011,84550.00305
Greece,2012,80089.99634
Greece,2013,72480.00336
Greece,2014,69550.00305
Greece,2015,68010.00214
Greece,2016,66849.99847
Greece,2017,66800.00305
Greece,2018,65019.99664
Greece,2019,60000.0
Greece,2020,
Grenada,2000,210.0
Grenada,2001,230.0
Grenada,2002,239.9999946
Grenada,2003,250.0
Grenada,2004,230.0000042
Grenada,2005,250.0
Grenada,2006,259.9999905
Grenada,2007,280.0000012
Grenada,2008,289.9999917
Grenada,2009,810.0000024
Grenada,2010,289.9999917
Grenada,2011,310.0000024
Grenada,2012,409.9999964
Grenada,2013,319.9999928
Grenada,2014,250.0
Grenada,2015,270.0000107
Grenada,2016,280.0000012
Grenada,2017,289.9999917
Grenada,2018,319.9999928
Grenada,2019,330.0000131
Grenada,2020,
Guatemala,2000,9420.0
Guatemala,2001,9810.0
Guatemala,2002,10470.00027
Guatemala,2003,10539.99996
Guatemala,2004,10750.0
Guatemala,2005,11529.99973
Guatemala,2006,11520.00046
Guatemala,2007,12409.99985
Guatemala,2008,11239.99977
Guatemala,2009,11850.00038
Guatemala,2010,11439.99958
Guatemala,2011,11739.99977
Guatemala,2012,12149.99962
Guatemala,2013,13000.0
Guatemala,2014,13949.99981
Guatemala,2015,16340.00015
Guatemala,2016,17489.99977
Guatemala,2017,16569.99969
Guatemala,2018,18319.99969
Guatemala,2019,19309.99947
Guatemala,2020,
Guinea,2000,1490.0
Guinea,2001,1570.0
Guinea,2002,1629.999995
Guinea,2003,1700.000048
Guinea,2004,1769.999981
Guinea,2005,1830.000043
Guinea,2006,1899.999976
Guinea,2007,1980.000019
Guinea,2008,2009.99999
Guinea,2009,2119.999886
Guinea,2010,2500.0
Guinea,2011,2619.999886
Guinea,2012,2480.000019
Guinea,2013,2180.000067
Guinea,2014,2240.00001
Guinea,2015,2539.999962
Guinea,2016,2819.999933
Guinea,2017,3339.999914
Guinea,2018,3750.0
Guinea,2019,3950.000048
Guinea,2020,
Guinea-Bissau,2000,150.0
Guinea-Bissau,2001,150.0
Guinea-Bissau,2002,150.000006
Guinea-Bissau,2003,189.9999976
Guinea-Bissau,2004,200.000003
Guinea-Bissau,2005,209.9999934
Guinea-Bissau,2006,219.9999988
Guinea-Bissau,2007,230.0000042
Guinea-Bissau,2008,219.9999988
Guinea-Bissau,2009,230.0000042
Guinea-Bissau,2010,239.9999946
Guinea-Bissau,2011,239.9999946
Guinea-Bissau,2012,250.0
Guinea-Bissau,2013,250.0
Guinea-Bissau,2014,270.0000107
Guinea-Bissau,2015,280.0000012
Guinea-Bissau,2016,310.0000024
Guinea-Bissau,2017,310.0000024
Guinea-Bissau,2018,319.9999928
Guinea-Bissau,2019,330.0000131
Guinea-Bissau,2020,
Guyana,2000,1660.0
Guyana,2001,1640.0
Guyana,2002,1620.000005
Guyana,2003,1620.000005
Guyana,2004,1669.999957
Guyana,2005,1480.000019
Guyana,2006,1330.000043
Guyana,2007,1610.000014
Guyana,2008,1600.000024
Guyana,2009,1629.999995
Guyana,2010,1759.99999
Guyana,2011,1830.000043
Guyana,2012,2000.0
Guyana,2013,1980.000019
Guyana,2014,2059.999943
Guyana,2015,2079.999924
Guyana,2016,2480.000019
Guyana,2017,2470.000029
Guyana,2018,2589.999914
Guyana,2019,2849.999905
Guyana,2020,
Haiti,2000,1470.0
Haiti,2001,1600.0
Haiti,2002,1830.000043
Haiti,2003,1809.999943
Haiti,2004,1669.999957
Haiti,2005,1700.000048
Haiti,2006,1720.000029
Haiti,2007,2049.999952
Haiti,2008,2029.999971
Haiti,2009,1990.00001
Haiti,2010,2460.000038
Haiti,2011,2700.000048
Haiti,2012,2420.000076
Haiti,2013,2650.000095
Haiti,2014,3019.999981
Haiti,2015,3279.999971
Haiti,2016,3359.999895
Haiti,2017,3329.999924
Haiti,2018,3289.999962
Haiti,2019,3319.999933
Haiti,2020,
Honduras,2000,4990.0
Honduras,2001,5800.0
Honduras,2002,6090.000153
Honduras,2003,6730.000019
Honduras,2004,7559.999943
Honduras,2005,6969.99979
Honduras,2006,7969.99979
Honduras,2007,8539.999962
Honduras,2008,8590.000153
Honduras,2009,8069.999695
Honduras,2010,8180.000305
Honduras,2011,8810.00042
Honduras,2012,9239.999771
Honduras,2013,9369.999886
Honduras,2014,9460.000038
Honduras,2015,9930.000305
Honduras,2016,9470.000267
Honduras,2017,9260.000229
Honduras,2018,10050.00019
Honduras,2019,10220.00027
Honduras,2020,
Hungary,2000,54630.0
Hungary,2001,56280.0
Hungary,2002,55599.99847
Hungary,2003,58189.99863
Hungary,2004,56349.99847
Hungary,2005,55919.99817
Hungary,2006,55459.99908
Hungary,2007,53849.99847
Hungary,2008,53009.99832
Hungary,2009,47840.00015
Hungary,2010,47880.00107
Hungary,2011,46909.99985
Hungary,2012,43430.00031
Hungary,2013,40759.99832
Hungary,2014,40630.00107
Hungary,2015,43380.00107
Hungary,2016,44250.0
Hungary,2017,46439.99863
Hungary,2018,46400.00153
Hungary,2019,46380.00107
Hungary,2020,
Iceland,2000,2230.0
Iceland,2001,2160.0
Iceland,2002,2240.00001
Iceland,2003,2230.000019
Iceland,2004,2319.999933
Iceland,2005,2289.999962
Iceland,2006,2329.999924
Iceland,2007,2380.000114
Iceland,2008,2180.000067
Iceland,2009,2109.999895
Iceland,2010,1960.000038
Iceland,2011,1889.999986
Iceland,2012,1860.000014
Iceland,2013,2029.999971
Iceland,2014,2049.999952
Iceland,2015,2059.999943
Iceland,2016,1629.999995
Iceland,2017,1669.999957
Iceland,2018,1700.000048
Iceland,2019,1639.999986
Iceland,2020,
India,2000,937860.0
India,2001,953540.0
India,2002,985450.0122
India,2003,1011770.02
India,2004,1085670.044
India,2005,1136469.971
India,2006,1215209.961
India,2007,1336739.99
India,2008,1424380.005
India,2009,1564880.005
India,2010,1659979.98
India,2011,1756739.99
India,2012,1909439.941
India,2013,1972430.054
India,2014,2147110.107
India,2015,2158020.02
India,2016,2195250.0
India,2017,2320409.912
India,2018,2451929.932
India,2019,2456300.049
India,2020,
Indonesia,2000,280650.0
Indonesia,2001,302060.0
Indonesia,2002,305640.0146
Indonesia,2003,333890.0146
Indonesia,2004,341239.9902
Indonesia,2005,342149.9939
Indonesia,2006,364470.0012
Indonesia,2007,379959.9915
Indonesia,2008,376140.0146
Indonesia,2009,391079.9866
Indonesia,2010,415519.989
Indonesia,2011,475309.9976
Indonesia,2012,481510.0098
Indonesia,2013,447940.0024
Indonesia,2014,483910.0037
Indonesia,2015,488549.9878
Indonesia,2016,482510.0098
Indonesia,2017,517320.0073
Indonesia,2018,576989.9902
Indonesia,2019,619840.0269
Indonesia,2020,
Iraq,2000,87630.0
Iraq,2001,97550.0
Iraq,2002,91160.00366
Iraq,2003,81279.99878
Iraq,2004,88110.00061
Iraq,2005,85129.99725
Iraq,2006,82959.99908
Iraq,2007,76650.00153
Iraq,2008,88139.99939
Iraq,2009,94199.99695
Iraq,2010,108550.0031
Iraq,2011,113040.0009
Iraq,2012,129000.0
Iraq,2013,139100.0061
Iraq,2014,134039.9933
Iraq,2015,133169.9982
Iraq,2016,142229.9957
Iraq,2017,155080.0018
Iraq,2018,163149.9939
Iraq,2019,174559.9976
Iraq,2020,
Ireland,2000,42530.0
Ireland,2001,44820.0
Ireland,2002,43930.00031
Ireland,2003,44090.00015
Ireland,2004,44689.99863
Ireland,2005,46650.00153
Ireland,2006,47259.99832
Ireland,2007,46360.00061
Ireland,2008,45779.99878
Ireland,2009,40560.00137
Ireland,2010,40189.99863
Ireland,2011,36680.00031
Ireland,2012,37130.00107
Ireland,2013,35709.99908
Ireland,2014,35529.99878
Ireland,2015,37060.00137
Ireland,2016,38819.99969
Ireland,2017,37779.99878
Ireland,2018,37659.99985
Ireland,2019,35750.0
Ireland,2020,
Israel,2000,57000.0
Israel,2001,57950.0
Israel,2002,61080.00183
Israel,2003,62930.00031
Israel,2004,63159.99985
Israel,2005,61009.99832
Israel,2006,64330.00183
Israel,2007,66599.99847
Israel,2008,66709.99908
Israel,2009,65730.00336
Israel,2010,70519.99664
Israel,2011,69819.99969
Israel,2012,76059.99756
Israel,2013,67000.0
Israel,2014,64720.00122
Israel,2015,66139.99939
Israel,2016,64980.00336
Israel,2017,65610.00061
Israel,2018,61080.00183
Israel,2019,62650.00153
Israel,2020,
Italy,2000,436300.0
Italy,2001,436570.0
Italy,2002,443470.0012
Italy,2003,462200.0122
Italy,2004,472399.9939
Italy,2005,473829.9866
Italy,2006,466649.9939
Italy,2007,459369.9951
Italy,2008,444980.011
Italy,2009,397059.9976
Italy,2010,405269.989
Italy,2011,396690.0024
Italy,2012,376750.0
Italy,2013,346459.9915
Italy,2014,327500.0
Italy,2015,337859.9854
Italy,2016,333339.9963
Italy,2017,329190.0024
Italy,2018,324880.0049
Italy,2019,317239.9902
Italy,2020,
Jamaica,2000,10060.0
Jamaica,2001,10080.0
Jamaica,2002,10250.0
Jamaica,2003,10590.00015
Jamaica,2004,10569.99969
Jamaica,2005,10560.00042
Jamaica,2006,12060.00042
Jamaica,2007,12020.00046
Jamaica,2008,9619.999886
Jamaica,2009,7880.000114
Jamaica,2010,7480.000019
Jamaica,2011,7530.00021
Jamaica,2012,6960.000038
Jamaica,2013,7400.000095
Jamaica,2014,7190.000057
Jamaica,2015,7090.000153
Jamaica,2016,7570.000172
Jamaica,2017,7219.99979
Jamaica,2018,8609.999657
Jamaica,2019,8390.000343
Jamaica,2020,
Japan,2000,1182610.0
Japan,2001,1170380.0
Japan,2002,1206599.976
Japan,2003,1214949.951
Japan,2004,1209849.976
Japan,2005,1212819.946
Japan,2006,1189520.02
Japan,2007,1225069.946
Japan,2008,1158219.971
Japan,2009,1100979.98
Japan,2010,1156479.98
Japan,2011,1213520.02
Japan,2012,1253609.985
Japan,2013,1262780.029
Japan,2014,1217119.995
Japan,2015,1179439.941
Japan,2016,1167790.039
Japan,2017,1155229.98
Japan,2018,1116150.024
Japan,2019,1081569.946
Japan,2020,
Jordan,2000,16270.0
Jordan,2001,16250.0
Jordan,2002,16870.00084
Jordan,2003,17309.99947
Jordan,2004,18579.99992
Jordan,2005,19870.00084
Jordan,2006,20170.00008
Jordan,2007,21090.00015
Jordan,2008,20010.00023
Jordan,2009,20659.99985
Jordan,2010,20200.00076
Jordan,2011,20760.00023
Jordan,2012,24120.00084
Jordan,2013,23799.99924
Jordan,2014,25549.99924
Jordan,2015,25309.99947
Jordan,2016,24819.99969
Jordan,2017,26149.99962
Jordan,2018,24780.00069
Jordan,2019,24629.99916
Jordan,2020,
Kazakhstan,2000,120150.0
Kazakhstan,2001,117440.0
Kazakhstan,2002,131059.9976
Kazakhstan,2003,146139.9994
Kazakhstan,2004,158029.9988
Kazakhstan,2005,169210.0067
Kazakhstan,2006,185300.0031
Kazakhstan,2007,198389.9994
Kazakhstan,2008,242029.9988
Kazakhstan,2009,213610.0006
Kazakhstan,2010,229699.9969
Kazakhstan,2011,245449.9969
Kazakhstan,2012,244600.0061
Kazakhstan,2013,260010.0098
Kazakhstan,2014,209229.9957
Kazakhstan,2015,190729.9957
Kazakhstan,2016,202149.9939
Kazakhstan,2017,214580.0018
Kazakhstan,2018,216600.0061
Kazakhstan,2019,212110.0006
Kazakhstan,2020,
Kenya,2000,8320.0
Kenya,2001,7610.0
Kenya,2002,7420.000076
Kenya,2003,6530.00021
Kenya,2004,7440.000057
Kenya,2005,8319.999695
Kenya,2006,9300.000191
Kenya,2007,9369.999886
Kenya,2008,9909.999847
Kenya,2009,11710.00004
Kenya,2010,12640.00034
Kenya,2011,13029.99973
Kenya,2012,12149.99962
Kenya,2013,14100.00038
Kenya,2014,15149.99962
Kenya,2015,17209.99908
Kenya,2016,19110.00061
Kenya,2017,18979.99954
Kenya,2018,17489.99977
Kenya,2019,22280.00069
Kenya,2020,
Kiribati,2000,30.0
Kiribati,2001,30.0
Kiribati,2002,39.99999911
Kiribati,2003,39.99999911
Kiribati,2004,50.00000075
Kiribati,2005,70.0000003
Kiribati,2006,70.0000003
Kiribati,2007,59.99999866
Kiribati,2008,59.99999866
Kiribati,2009,59.99999866
Kiribati,2010,50.00000075
Kiribati,2011,50.00000075
Kiribati,2012,59.99999866
Kiribati,2013,59.99999866
Kiribati,2014,59.99999866
Kiribati,2015,59.99999866
Kiribati,2016,70.0000003
Kiribati,2017,90.00000358
Kiribati,2018,90.00000358
Kiribati,2019,90.00000358
Kiribati,2020,
Kuwait,2000,49840.0
Kuwait,2001,53190.0
Kuwait,2002,55590.00015
Kuwait,2003,58119.99893
Kuwait,2004,61909.99985
Kuwait,2005,69910.00366
Kuwait,2006,72430.00031
Kuwait,2007,70599.99847
Kuwait,2008,75839.99634
Kuwait,2009,77650.00153
Kuwait,2010,80720.00122
Kuwait,2011,83290.00092
Kuwait,2012,85309.99756
Kuwait,2013,87360.00061
Kuwait,2014,85569.99969
Kuwait,2015,89019.99664
Kuwait,2016,91550.00305
Kuwait,2017,90730.00336
Kuwait,2018,91389.99939
Kuwait,2019,92650.00153
Kuwait,2020,
Kyrgyzstan,2000,
Kyrgyzstan,2001,
Kyrgyzstan,2002,
Kyrgyzstan,2003,
Kyrgyzstan,2004,
Kyrgyzstan,2005,
Kyrgyzstan,2006,
Kyrgyzstan,2007,
Kyrgyzstan,2008,
Kyrgyzstan,2009,
Kyrgyzstan,2010,
Kyrgyzstan,2011,
Kyrgyzstan,2012,
Kyrgyzstan,2013,
Kyrgyzstan,2014,
Kyrgyzstan,2015,
Kyrgyzstan,2016,
Kyrgyzstan,2017,
Kyrgyzstan,2018,
Kyrgyzstan,2019,
Kyrgyzstan,2020,
Latvia,2000,6930.0
Latvia,2001,7360.0
Latvia,2002,7349.999905
Latvia,2003,7590.000153
Latvia,2004,7619.999886
Latvia,2005,7710.000038
Latvia,2006,8199.999809
Latvia,2007,8529.999733
Latvia,2008,8109.999657
Latvia,2009,7360.000134
Latvia,2010,8520.000458
Latvia,2011,7900.000095
Latvia,2012,7570.000172
Latvia,2013,7449.999809
Latvia,2014,7280.00021
Latvia,2015,7320.000172
Latvia,2016,7150.000095
Latvia,2017,7119.999886
Latvia,2018,7789.999962
Latvia,2019,7570.000172
Latvia,2020,
Lebanon,2000,15670.0
Lebanon,2001,16890.0
Lebanon,2002,16840.00015
Lebanon,2003,17409.99985
Lebanon,2004,17879.99916
Lebanon,2005,17280.00069
Lebanon,2006,16229.99954
Lebanon,2007,15039.99996
Lebanon,2008,18649.99962
Lebanon,2009,21899.99962
Lebanon,2010,20860.00061
Lebanon,2011,21180.00031
Lebanon,2012,23469.99931
Lebanon,2013,23239.99977
Lebanon,2014,25149.99962
Lebanon,2015,27010.00023
Lebanon,2016,27809.99947
Lebanon,2017,29319.99969
Lebanon,2018,27790.00092
Lebanon,2019,27950.00076
Lebanon,2020,
Lesotho,2000,390.0
Lesotho,2001,400.0
Lesotho,2002,409.9999964
Lesotho,2003,409.9999964
Lesotho,2004,430.0000072
Lesotho,2005,430.0000072
Lesotho,2006,430.0000072
Lesotho,2007,439.9999976
Lesotho,2008,460.0000083
Lesotho,2009,529.9999714
Lesotho,2010,550.0000119
Lesotho,2011,569.9999928
Lesotho,2012,620.0000048
Lesotho,2013,610.0000143
Lesotho,2014,610.0000143
Lesotho,2015,649.9999762
Lesotho,2016,689.9999976
Lesotho,2017,699.9999881
Lesotho,2018,730.0000191
Lesotho,2019,769.9999809
Lesotho,2020,
Liberia,2000,430.0
Liberia,2001,450.0
Liberia,2002,449.9999881
Liberia,2003,479.9999893
Liberia,2004,560.0000024
Liberia,2005,670.0000167
Liberia,2006,689.9999976
Liberia,2007,639.9999857
Liberia,2008,540.0000215
Liberia,2009,540.0000215
Liberia,2010,730.0000191
Liberia,2011,850.0000238
Liberia,2012,949.9999881
Liberia,2013,920.0000167
Liberia,2014,1220.000029
Liberia,2015,1259.99999
Liberia,2016,1409.999967
Liberia,2017,1279.999971
Liberia,2018,1129.999995
Liberia,2019,1179.999948
Liberia,2020,
Libya,2000,44720.0
Libya,2001,44450.0
Libya,2002,45590.00015
Libya,2003,48919.99817
Libya,2004,48459.99908
Libya,2005,52990.00168
Libya,2006,52919.99817
Libya,2007,49389.99939
Libya,2008,53270.00046
Libya,2009,56400.00153
Libya,2010,59549.99924
Libya,2011,41950.00076
Libya,2012,57630.00107
Libya,2013,58610.00061
Libya,2014,58000.0
Libya,2015,51330.00183
Libya,2016,50950.00076
Libya,2017,55159.99985
Libya,2018,56619.99893
Libya,2019,56799.99924
Libya,2020,
Lithuania,2000,10510.0
Lithuania,2001,11150.0
Lithuania,2002,11220.00027
Lithuania,2003,11229.99954
Lithuania,2004,11909.99985
Lithuania,2005,12829.99992
Lithuania,2006,13020.00046
Lithuania,2007,13210.00004
Lithuania,2008,13060.00042
Lithuania,2009,11689.99958
Lithuania,2010,12600.00038
Lithuania,2011,11850.00038
Lithuania,2012,11930.00031
Lithuania,2013,11329.99992
Lithuania,2014,10859.99966
Lithuania,2015,11069.99969
Lithuania,2016,11199.99981
Lithuania,2017,11220.00027
Lithuania,2018,11649.99962
Lithuania,2019,11729.99954
Lithuania,2020,
Luxembourg,2000,8560.0
Luxembourg,2001,9120.0
Luxembourg,2002,9819.999695
Luxembourg,2003,10239.99977
Luxembourg,2004,11659.99985
Luxembourg,2005,11909.99985
Luxembourg,2006,11720.00027
Luxembourg,2007,11109.99966
Luxembourg,2008,11020.00046
Luxembourg,2009,10439.99958
Luxembourg,2010,11029.99973
Luxembourg,2011,10899.99962
Luxembourg,2012,10689.99958
Luxembourg,2013,10149.99962
Luxembourg,2014,9649.999619
Luxembourg,2015,9130.000114
Luxembourg,2016,8850.000381
Luxembourg,2017,9000.0
Luxembourg,2018,9319.999695
Luxembourg,2019,9489.999771
Luxembourg,2020,
Madagascar,2000,1650.0
Madagascar,2001,1670.0
Madagascar,2002,1120.000005
Madagascar,2003,1549.999952
Madagascar,2004,1649.999976
Madagascar,2005,1710.000038
Madagascar,2006,1639.999986
Madagascar,2007,1720.000029
Madagascar,2008,1779.999971
Madagascar,2009,1690.000057
Madagascar,2010,1870.000005
Madagascar,2011,2190.000057
Madagascar,2012,2740.00001
Madagascar,2013,2930.000067
Madagascar,2014,3009.99999
Madagascar,2015,3279.999971
Madagascar,2016,3180.000067
Madagascar,2017,3470.000029
Madagascar,2018,3349.999905
Madagascar,2019,4119.999886
Madagascar,2020,
Malawi,2000,710.0
Malawi,2001,680.0
Malawi,2002,680.0000072
Malawi,2003,750.0
Malawi,2004,769.9999809
Malawi,2005,759.9999905
Malawi,2006,779.9999714
Malawi,2007,829.9999833
Malawi,2008,959.9999785
Malawi,2009,980.0000191
Malawi,2010,889.9999857
Malawi,2011,930.0000072
Malawi,2012,949.9999881
Malawi,2013,980.0000191
Malawi,2014,850.0000238
Malawi,2015,930.0000072
Malawi,2016,1120.000005
Malawi,2017,1190.000057
Malawi,2018,1379.999995
Malawi,2019,1450.000048
Malawi,2020,
Malaysia,2000,124360.0
Malaysia,2001,129460.0
Malaysia,2002,136380.0049
Malaysia,2003,144490.0055
Malaysia,2004,158270.0043
Malaysia,2005,167419.9982
Malaysia,2006,174100.0061
Malaysia,2007,189940.0024
Malaysia,2008,202910.0037
Malaysia,2009,181929.9927
Malaysia,2010,200220.0012
Malaysia,2011,202740.0055
Malaysia,2012,205809.9976
Malaysia,2013,223660.0037
Malaysia,2014,236649.9939
Malaysia,2015,236539.9933
Malaysia,2016,235960.0067
Malaysia,2017,227619.9951
Malaysia,2018,244410.0037
Malaysia,2019,253270.0043
Malaysia,2020,
Maldives,2000,460.0
Maldives,2001,480.0
Maldives,2002,620.0000048
Maldives,2003,529.9999714
Maldives,2004,750.0
Maldives,2005,720.0000286
Maldives,2006,870.0000048
Maldives,2007,870.0000048
Maldives,2008,870.0000048
Maldives,2009,910.0000262
Maldives,2010,959.9999785
Maldives,2011,1009.99999
Maldives,2012,1139.999986
Maldives,2013,1129.999995
Maldives,2014,1370.000005
Maldives,2015,1370.000005
Maldives,2016,1759.99999
Maldives,2017,1860.000014
Maldives,2018,2099.999905
Maldives,2019,2109.999895
Maldives,2020,
Mali,2000,1410.0
Mali,2001,1610.0
Mali,2002,1399.999976
Mali,2003,1399.999976
Mali,2004,1480.000019
Mali,2005,1649.999976
Mali,2006,1889.999986
Mali,2007,2069.999933
Mali,2008,2079.999924
Mali,2009,2509.99999
Mali,2010,2779.999971
Mali,2011,3119.999886
Mali,2012,3109.999895
Mali,2013,3220.000029
Mali,2014,3380.000114
Mali,2015,3650.000095
Mali,2016,4670.000076
Mali,2017,5179.999828
Mali,2018,5469.99979
Mali,2019,5829.999924
Mali,2020,
Malta,2000,2130.0
Malta,2001,2490.0
Malta,2002,2319.999933
Malta,2003,2609.999895
Malta,2004,2599.999905
Malta,2005,2630.000114
Malta,2006,2650.000095
Malta,2007,2720.000029
Malta,2008,2720.000029
Malta,2009,2509.99999
Malta,2010,2589.999914
Malta,2011,2569.999933
Malta,2012,2720.000029
Malta,2013,2369.999886
Malta,2014,2359.999895
Malta,2015,1659.999967
Malta,2016,1350.000024
Malta,2017,1519.999981
Malta,2018,1549.999952
Malta,2019,1659.999967
Malta,2020,
Mauritania,2000,1270.0
Mauritania,2001,1400.0
Mauritania,2002,1549.999952
Mauritania,2003,1480.000019
Mauritania,2004,1639.999986
Mauritania,2005,1509.99999
Mauritania,2006,1730.000019
Mauritania,2007,1990.00001
Mauritania,2008,1899.999976
Mauritania,2009,2349.999905
Mauritania,2010,2400.000095
Mauritania,2011,2460.000038
Mauritania,2012,2730.000019
Mauritania,2013,2589.999914
Mauritania,2014,2900.000095
Mauritania,2015,3559.999943
Mauritania,2016,3259.99999
Mauritania,2017,3490.00001
Mauritania,2018,3690.000057
Mauritania,2019,3950.000048
Mauritania,2020,
Mauritius,2000,2430.0
Mauritius,2001,2570.0
Mauritius,2002,2609.999895
Mauritius,2003,2750.0
Mauritius,2004,2769.999981
Mauritius,2005,2960.000038
Mauritius,2006,3299.999952
Mauritius,2007,3400.000095
Mauritius,2008,3470.000029
Mauritius,2009,3420.000076
Mauritius,2010,3660.000086
Mauritius,2011,3640.000105
Mauritius,2012,3730.000019
Mauritius,2013,3819.999933
Mauritius,2014,3950.000048
Mauritius,2015,3960.000038
Mauritius,2016,4039.999962
Mauritius,2017,4170.000076
Mauritius,2018,4130.000114
Mauritius,2019,4170.000076
Mauritius,2020,
Mexico,2000,379180.0
Mexico,2001,378830.0
Mexico,2002,386000.0
Mexico,2003,404690.0024
Mexico,2004,414100.0061
Mexico,2005,432190.0024
Mexico,2006,448299.9878
Mexico,2007,457119.9951
Mexico,2008,459549.9878
Mexico,2009,448369.9951
Mexico,2010,462869.9951
Mexico,2011,478399.9939
Mexico,2012,486450.0122
Mexico,2013,475739.9902
Mexico,2014,462239.9902
Mexico,2015,471630.0049
Mexico,2016,473309.9976
Mexico,2017,471579.9866
Mexico,2018,452570.0073
Mexico,2019,449269.989
Mexico,2020,
Mongolia,2000,9000.0
Mongolia,2001,8970.0
Mongolia,2002,9600.000381
Mongolia,2003,9310.00042
Mongolia,2004,9560.00042
Mongolia,2005,11060.00042
Mongolia,2006,12420.00008
Mongolia,2007,13020.00046
Mongolia,2008,12970.00027
Mongolia,2009,13640.00034
Mongolia,2010,14310.00042
Mongolia,2011,15729.99954
Mongolia,2012,17139.99939
Mongolia,2013,18379.99916
Mongolia,2014,18120.00084
Mongolia,2015,17299.99924
Mongolia,2016,18170.00008
Mongolia,2017,19579.99992
Mongolia,2018,21549.99924
Mongolia,2019,23069.99969
Mongolia,2020,
Montenegro,2007,2099.999905
Montenegro,2008,2690.000057
Montenegro,2009,1750.0
Montenegro,2010,2579.999924
Montenegro,2011,2539.999962
Montenegro,2012,2329.999924
Montenegro,2013,2269.999981
Montenegro,2014,2220.000029
Montenegro,2015,2359.999895
Montenegro,2016,2150.000095
Montenegro,2017,2269.999981
Montenegro,2018,2500.0
Montenegro,2019,2599.999905
Montenegro,2020,
Morocco,2000,32880.0
Morocco,2001,36270.0
Morocco,2002,37470.00122
Morocco,2003,37250.0
Morocco,2004,40990.00168
Morocco,2005,43580.00183
Morocco,2006,45000.0
Morocco,2007,46349.99847
Morocco,2008,48630.00107
Morocco,2009,48750.0
Morocco,2010,51759.99832
Morocco,2011,55939.99863
Morocco,2012,58080.00183
Morocco,2013,57590.00015
Morocco,2014,58689.99863
Morocco,2015,60409.99985
Morocco,2016,60319.99969
Morocco,2017,63520.00046
Morocco,2018,64959.99908
Morocco,2019,71480.00336
Morocco,2020,
Mozambique,2000,1430.0
Mozambique,2001,1410.0
Mozambique,2002,1570.000052
Mozambique,2003,1899.999976
Mozambique,2004,1909.999967
Mozambique,2005,1710.000038
Mozambique,2006,1860.000014
Mozambique,2007,2230.000019
Mozambique,2008,2240.00001
Mozambique,2009,2490.00001
Mozambique,2010,2680.000067
Mozambique,2011,3349.999905
Mozambique,2012,3680.000067
Mozambique,2013,4199.999809
Mozambique,2014,4860.000134
Mozambique,2015,5519.999981
Mozambique,2016,7280.00021
Mozambique,2017,7210.000038
Mozambique,2018,6949.999809
Mozambique,2019,7500.0
Mozambique,2020,
Myanmar,2000,9440.0
Myanmar,2001,8350.0
Myanmar,2002,8300.000191
Myanmar,2003,10489.99977
Myanmar,2004,10149.99962
Myanmar,2005,10720.00027
Myanmar,2006,9970.000267
Myanmar,2007,10390.00034
Myanmar,2008,7900.000095
Myanmar,2009,7489.999771
Myanmar,2010,8130.000114
Myanmar,2011,8689.99958
Myanmar,2012,11960.00004
Myanmar,2013,13600.00038
Myanmar,2014,17040.00092
Myanmar,2015,19040.00092
Myanmar,2016,21860.00061
Myanmar,2017,32500.0
Myanmar,2018,32939.99863
Myanmar,2019,36720.00122
Myanmar,2020,
Namibia,2000,1940.0
Namibia,2001,2460.0
Namibia,2002,2130.000114
Namibia,2003,2269.999981
Namibia,2004,2380.000114
Namibia,2005,2529.999971
Namibia,2006,2529.999971
Namibia,2007,2619.999886
Namibia,2008,2950.000048
Namibia,2009,3019.999981
Namibia,2010,3130.000114
Namibia,2011,3329.999924
Namibia,2012,3529.999971
Namibia,2013,3789.999962
Namibia,2014,3950.000048
Namibia,2015,4199.999809
Namibia,2016,4130.000114
Namibia,2017,4269.999981
Namibia,2018,4230.000019
Namibia,2019,4219.99979
Namibia,2020,
Nauru,2000,90.0
Nauru,2001,80.0
Nauru,2002,79.99999821
Nauru,2003,70.0000003
Nauru,2004,70.0000003
Nauru,2005,70.0000003
Nauru,2006,50.00000075
Nauru,2007,39.99999911
Nauru,2008,39.99999911
Nauru,2009,39.99999911
Nauru,2010,39.99999911
Nauru,2011,39.99999911
Nauru,2012,39.99999911
Nauru,2013,50.00000075
Nauru,2014,50.00000075
Nauru,2015,59.99999866
Nauru,2016,59.99999866
Nauru,2017,70.0000003
Nauru,2018,59.99999866
Nauru,2019,59.99999866
Nauru,2020,
Nepal,2000,3220.0
Nepal,2001,3460.0
Nepal,2002,2789.999962
Nepal,2003,3019.999981
Nepal,2004,2809.999943
Nepal,2005,3190.000057
Nepal,2006,2619.999886
Nepal,2007,2690.000057
Nepal,2008,2990.00001
Nepal,2009,3880.000114
Nepal,2010,4639.999866
Nepal,2011,5199.999809
Nepal,2012,6000.0
Nepal,2013,6090.000153
Nepal,2014,7130.000114
Nepal,2015,7190.000057
Nepal,2016,10409.99985
Nepal,2017,12479.99954
Nepal,2018,15189.99958
Nepal,2019,13449.99981
Nepal,2020,
Netherlands,2000,162100.0
Netherlands,2001,167120.0
Netherlands,2002,167429.9927
Netherlands,2003,170360.0006
Netherlands,2004,172119.9951
Netherlands,2005,167929.9927
Netherlands,2006,163699.9969
Netherlands,2007,164550.0031
Netherlands,2008,165220.0012
Netherlands,2009,160490.0055
Netherlands,2010,171110.0006
Netherlands,2011,158770.0043
Netherlands,2012,157470.0012
Netherlands,2013,157089.9963
Netherlands,2014,149789.9933
Netherlands,2015,157410.0037
Netherlands,2016,158539.9933
Netherlands,2017,155759.9945
Netherlands,2018,151360.0006
Netherlands,2019,146339.9963
Netherlands,2020,
New Caledonia,2000,2233.203
New Caledonia,2001,1888.505
New Caledonia,2002,2405.552
New Caledonia,2003,2739.249
New Caledonia,2004,2530.23
New Caledonia,2005,2823.59
New Caledonia,2006,2720.914
New Caledonia,2007,2944.601
New Caledonia,2008,2867.594
New Caledonia,2009,2951.935
New Caledonia,2010,3578.992
New Caledonia,2011,3560.657
New Caledonia,2012,3655.999
New Caledonia,2013,3861.351
New Caledonia,2014,4888.111
New Caledonia,2015,4752.432
New Caledonia,2016,5328.151
New Caledonia,2017,
New Caledonia,2018,
New Caledonia,2019,
New Caledonia,2020,
New Zealand,2000,29450.0
New Zealand,2001,31620.0
New Zealand,2002,31540.00092
New Zealand,2003,33400.00153
New Zealand,2004,32840.00015
New Zealand,2005,34229.99954
New Zealand,2006,34270.00046
New Zealand,2007,33270.00046
New Zealand,2008,34169.99817
New Zealand,2009,31170.00008
New Zealand,2010,31049.99924
New Zealand,2011,30290.00092
New Zealand,2012,32110.00061
New Zealand,2013,31889.99939
New Zealand,2014,31969.99931
New Zealand,2015,32279.99878
New Zealand,2016,31190.00053
New Zealand,2017,32930.00031
New Zealand,2018,32360.00061
New Zealand,2019,34009.99832
New Zealand,2020,
Nicaragua,2000,3770.0
Nicaragua,2001,3930.0
Nicaragua,2002,4059.999943
Nicaragua,2003,4559.999943
Nicaragua,2004,4530.00021
Nicaragua,2005,4340.000153
Nicaragua,2006,4550.000191
Nicaragua,2007,4699.999809
Nicaragua,2008,4500.0
Nicaragua,2009,4389.999866
Nicaragua,2010,4510.000229
Nicaragua,2011,4769.999981
Nicaragua,2012,4690.000057
Nicaragua,2013,4469.99979
Nicaragua,2014,4760.000229
Nicaragua,2015,5269.999981
Nicaragua,2016,5380.000114
Nicaragua,2017,5480.000019
Nicaragua,2018,5110.000134
Nicaragua,2019,5239.999771
Nicaragua,2020,
Niger,2000,670.0
Niger,2001,670.0
Niger,2002,699.9999881
Niger,2003,759.9999905
Niger,2004,790.0000215
Niger,2005,759.9999905
Niger,2006,750.0
Niger,2007,819.9999928
Niger,2008,860.0000143
Niger,2009,1080.000043
Niger,2010,1370.000005
Niger,2011,1409.999967
Niger,2012,1889.999986
Niger,2013,1970.000029
Niger,2014,2150.000095
Niger,2015,2109.999895
Niger,2016,2109.999895
Niger,2017,1909.999967
Niger,2018,1950.000048
Niger,2019,2150.000095
Niger,2020,
Nigeria,2000,97220.0
Nigeria,2001,101950.0
Nigeria,2002,92239.99786
Nigeria,2003,101000.0
Nigeria,2004,98730.00336
Nigeria,2005,98720.00122
Nigeria,2006,88769.99664
Nigeria,2007,81120.00275
Nigeria,2008,86930.00031
Nigeria,2009,76949.99695
Nigeria,2010,90059.99756
Nigeria,2011,95000.0
Nigeria,2012,95339.99634
Nigeria,2013,108129.9973
Nigeria,2014,114830.0018
Nigeria,2015,107760.0021
Nigeria,2016,110830.0018
Nigeria,2017,108500.0
Nigeria,2018,109889.9994
Nigeria,2019,115279.9988
Nigeria,2020,
North Macedonia,2000,8760.0
North Macedonia,2001,8920.0
North Macedonia,2002,8369.999886
North Macedonia,2003,9140.000343
North Macedonia,2004,8840.000153
North Macedonia,2005,9229.999542
North Macedonia,2006,9220.000267
North Macedonia,2007,9699.999809
North Macedonia,2008,9479.999542
North Macedonia,2009,8869.999886
North Macedonia,2010,8640.000343
North Macedonia,2011,9520.000458
North Macedonia,2012,9050.000191
North Macedonia,2013,8140.000343
North Macedonia,2014,7699.999809
North Macedonia,2015,7409.999847
North Macedonia,2016,7300.000191
North Macedonia,2017,7789.999962
North Macedonia,2018,7300.000191
North Macedonia,2019,8300.000191
North Macedonia,2020,
Norway,2000,34290.0
Norway,2001,34720.0
Norway,2002,34369.99893
Norway,2003,37169.99817
Norway,2004,37340.00015
Norway,2005,36349.99847
Norway,2006,37200.00076
Norway,2007,37750.0
Norway,2008,36869.99893
Norway,2009,37430.00031
Norway,2010,41409.99985
Norway,2011,39599.99847
Norway,2012,38490.00168
Norway,2013,39500.0
Norway,2014,39110.00061
Norway,2015,39490.00168
Norway,2016,38759.99832
Norway,2017,37720.00122
Norway,2018,37590.00015
Norway,2019,35950.00076
Norway,2020,
Oman,2000,25110.0
Oman,2001,28030.0
Oman,2002,29969.99931
Oman,2003,31700.00076
Oman,2004,31260.00023
Oman,2005,31010.00023
Oman,2006,39189.99863
Oman,2007,42259.99832
Oman,2008,41310.00137
Oman,2009,43590.00015
Oman,2010,47080.00183
Oman,2011,53619.99893
Oman,2012,60549.99924
Oman,2013,63009.99832
Oman,2014,66389.99939
Oman,2015,70129.99725
Oman,2016,72129.99725
Oman,2017,71930.00031
Oman,2018,75599.99847
Oman,2019,76029.99878
Oman,2020,
Pakistan,2000,98370.0
Pakistan,2001,99840.0
Pakistan,2002,102330.0018
Pakistan,2003,105660.0037
Pakistan,2004,118650.0015
Pakistan,2005,121669.9982
Pakistan,2006,132479.9957
Pakistan,2007,146259.9945
Pakistan,2008,142160.0037
Pakistan,2009,145139.9994
Pakistan,2010,140619.9951
Pakistan,2011,141699.9969
Pakistan,2012,143809.9976
Pakistan,2013,146059.9976
Pakistan,2014,154240.0055
Pakistan,2015,164130.0049
Pakistan,2016,181110.0006
Pakistan,2017,198830.0018
Pakistan,2018,187309.9976
Pakistan,2019,190570.0073
Pakistan,2020,
Panama,2000,5280.0
Panama,2001,6220.0
Panama,2002,5409.999847
Panama,2003,5530.00021
Panama,2004,5610.000134
Panama,2005,7119.999886
Panama,2006,7489.999771
Panama,2007,7480.000019
Panama,2008,7300.000191
Panama,2009,8699.999809
Panama,2010,9189.99958
Panama,2011,9989.999771
Panama,2012,10460.00004
Panama,2013,10250.0
Panama,2014,10760.00023
Panama,2015,10699.99981
Panama,2016,10770.00046
Panama,2017,10130.00011
Panama,2018,10060.00042
Panama,2019,13340.00015
Panama,2020,
Papua New Guinea,2000,2830.0
Papua New Guinea,2001,3390.0
Papua New Guinea,2002,3609.999895
Papua New Guinea,2003,4079.999924
Papua New Guinea,2004,4949.999809
Papua New Guinea,2005,4929.999828
Papua New Guinea,2006,4780.00021
Papua New Guinea,2007,5050.000191
Papua New Guinea,2008,4760.000229
Papua New Guinea,2009,5030.00021
Papua New Guinea,2010,5019.999981
Papua New Guinea,2011,5159.999847
Papua New Guinea,2012,4889.999866
Papua New Guinea,2013,5239.999771
Papua New Guinea,2014,5889.999866
Papua New Guinea,2015,6510.000229
Papua New Guinea,2016,7659.999847
Papua New Guinea,2017,7610.000134
Papua New Guinea,2018,7559.999943
Papua New Guinea,2019,7579.999924
Papua New Guinea,2020,
Paraguay,2000,3520.0
Paraguay,2001,3610.0
Paraguay,2002,3779.999971
Paraguay,2003,3940.000057
Paraguay,2004,3970.000029
Paraguay,2005,3700.000048
Paraguay,2006,3950.000048
Paraguay,2007,3720.000029
Paraguay,2008,4320.000172
Paraguay,2009,4570.000172
Paraguay,2010,5039.999962
Paraguay,2011,5219.99979
Paraguay,2012,5179.999828
Paraguay,2013,5300.000191
Paraguay,2014,5630.000114
Paraguay,2015,6369.999886
Paraguay,2016,7179.999828
Paraguay,2017,8060.00042
Paraguay,2018,8470.000267
Paraguay,2019,8210.000038
Paraguay,2020,
Peru,2000,28630.0
Peru,2001,26540.0
Peru,2002,27729.99954
Peru,2003,27159.99985
Peru,2004,31239.99977
Peru,2005,31290.00092
Peru,2006,30840.00015
Peru,2007,33810.00137
Peru,2008,38290.00092
Peru,2009,41169.99817
Peru,2010,45000.0
Peru,2011,48430.00031
Peru,2012,48119.99893
Peru,2013,49750.0
Peru,2014,53169.99817
Peru,2015,54549.99924
Peru,2016,56860.00061
Peru,2017,54270.00046
Peru,2018,54590.00015
Peru,2019,56750.0
Peru,2020,
Philippines,2000,72100.0
Philippines,2001,70480.0
Philippines,2002,71569.99969
Philippines,2003,73629.99725
Philippines,2004,75139.99939
Philippines,2005,76669.99817
Philippines,2006,69470.00122
Philippines,2007,73220.00122
Philippines,2008,75150.00153
Philippines,2009,76300.00305
Philippines,2010,81930.00031
Philippines,2011,82629.99725
Philippines,2012,86180.00031
Philippines,2013,95500.0
Philippines,2014,101819.9997
Philippines,2015,111010.0021
Philippines,2016,121959.9991
Philippines,2017,133500.0
Philippines,2018,138570.0073
Philippines,2019,145419.9982
Philippines,2020,
Poland,2000,295770.0
Poland,2001,293630.0
Poland,2002,287320.0073
Poland,2003,297730.011
Poland,2004,301850.0061
Poland,2005,301350.0061
Poland,2006,314089.9963
Poland,2007,313380.0049
Poland,2008,308329.9866
Poland,2009,297260.0098
Poland,2010,313739.9902
Poland,2011,310589.9963
Poland,2012,303350.0061
Poland,2013,298299.9878
Poland,2014,285730.011
Poland,2015,289079.9866
Poland,2016,299799.9878
Poland,2017,312859.9854
Poland,2018,311910.0037
Poland,2019,295130.0049
Poland,2020,
Portugal,2000,61660.0
Portugal,2001,61380.0
Portugal,2002,65599.99847
Portugal,2003,60520.00046
Portugal,2004,62130.00107
Portugal,2005,65470.00122
Portugal,2006,60450.00076
Portugal,2007,58799.99924
Portugal,2008,56840.00015
Portugal,2009,56299.99924
Portugal,2010,50939.99863
Portugal,2011,49869.99893
Portugal,2012,48220.00122
Portugal,2013,46560.00137
Portugal,2014,45930.00031
Portugal,2015,49849.99847
Portugal,2016,48759.99832
Portugal,2017,53330.00183
Portugal,2018,49500.0
Portugal,2019,44639.99939
Portugal,2020,
Puerto Rico,2000,
Puerto Rico,2001,
Puerto Rico,2002,
Puerto Rico,2003,
Puerto Rico,2004,
Puerto Rico,2005,
Puerto Rico,2006,
Puerto Rico,2007,
Puerto Rico,2008,
Puerto Rico,2009,
Puerto Rico,2010,
Puerto Rico,2011,
Puerto Rico,2012,
Puerto Rico,2013,
Puerto Rico,2014,
Puerto Rico,2015,
Puerto Rico,2016,
Puerto Rico,2017,
Puerto Rico,2018,
Puerto Rico,2019,
Puerto Rico,2020,
Qatar,2000,28660.0
Qatar,2001,28650.0
Qatar,2002,32500.0
Qatar,2003,34740.00168
Qatar,2004,37069.99969
Qatar,2005,38540.00092
Qatar,2006,43770.00046
Qatar,2007,49830.00183
Qatar,2008,53040.00092
Qatar,2009,54069.99969
Qatar,2010,60580.00183
Qatar,2011,68190.00244
Qatar,2012,75080.00183
Qatar,2013,76169.99817
Qatar,2014,81660.00366
Qatar,2015,84779.99878
Qatar,2016,86919.99817
Qatar,2017,87540.00092
Qatar,2018,86419.99817
Qatar,2019,91970.00122
Qatar,2020,
Romania,2000,89020.0
Romania,2001,95230.0
Romania,2002,93739.99786
Romania,2003,98139.99939
Romania,2004,95349.99847
Romania,2005,94709.99908
Romania,2006,99260.00214
Romania,2007,96730.00336
Romania,2008,95419.99817
Romania,2009,80709.99908
Romania,2010,77620.00275
Romania,2011,84059.99756
Romania,2012,81849.99847
Romania,2013,72089.99634
Romania,2014,71540.00092
Romania,2015,73319.99969
Romania,2016,71589.99634
Romania,2017,74209.99908
Romania,2018,75190.00244
Romania,2019,73949.99695
Romania,2020,
Rwanda,2000,540.0
Rwanda,2001,560.0
Rwanda,2002,560.0000024
Rwanda,2003,550.0000119
Rwanda,2004,560.0000024
Rwanda,2005,550.0000119
Rwanda,2006,550.0000119
Rwanda,2007,579.9999833
Rwanda,2008,560.0000024
Rwanda,2009,589.9999738
Rwanda,2010,600.0000238
Rwanda,2011,680.0000072
Rwanda,2012,750.0
Rwanda,2013,810.0000024
Rwanda,2014,860.0000143
Rwanda,2015,980.0000191
Rwanda,2016,1159.999967
Rwanda,2017,1190.000057
Rwanda,2018,1289.999962
Rwanda,2019,1330.000043
Rwanda,2020,
Saint Kitts and Nevis,2000,
Saint Kitts and Nevis,2001,
Saint Kitts and Nevis,2002,
Saint Kitts and Nevis,2003,
Saint Kitts and Nevis,2004,
Saint Kitts and Nevis,2005,
Saint Kitts and Nevis,2006,
Saint Kitts and Nevis,2007,
Saint Kitts and Nevis,2008,
Saint Kitts and Nevis,2009,
Saint Kitts and Nevis,2010,
Saint Kitts and Nevis,2011,
Saint Kitts and Nevis,2012,
Saint Kitts and Nevis,2013,
Saint Kitts and Nevis,2014,
Saint Kitts and Nevis,2015,
Saint Kitts and Nevis,2016,
Saint Kitts and Nevis,2017,
Saint Kitts and Nevis,2018,
Saint Kitts and Nevis,2019,
Saint Kitts and Nevis,2020,
Saint Lucia,2000,
Saint Lucia,2001,
Saint Lucia,2002,
Saint Lucia,2003,
Saint Lucia,2004,
Saint Lucia,2005,
Saint Lucia,2006,
Saint Lucia,2007,
Saint Lucia,2008,
Saint Lucia,2009,
Saint Lucia,2010,
Saint Lucia,2011,
Saint Lucia,2012,
Saint Lucia,2013,
Saint Lucia,2014,
Saint Lucia,2015,
Saint Lucia,2016,
Saint Lucia,2017,
Saint Lucia,2018,
Saint Lucia,2019,
Saint Lucia,2020,
Saint Vincent and the Grenadines,2000,
Saint Vincent and the Grenadines,2001,
Saint Vincent and the Grenadines,2002,
Saint Vincent and the Grenadines,2003,
Saint Vincent and the Grenadines,2004,
Saint Vincent and the Grenadines,2005,
Saint Vincent and the Grenadines,2006,
Saint Vincent and the Grenadines,2007,
Saint Vincent and the Grenadines,2008,
Saint Vincent and the Grenadines,2009,
Saint Vincent and the Grenadines,2010,
Saint Vincent and the Grenadines,2011,
Saint Vincent and the Grenadines,2012,
Saint Vincent and the Grenadines,2013,
Saint Vincent and the Grenadines,2014,
Saint Vincent and the Grenadines,2015,
Saint Vincent and the Grenadines,2016,
Saint Vincent and the Grenadines,2017,
Saint Vincent and the Grenadines,2018,
Saint Vincent and the Grenadines,2019,
Saint Vincent and the Grenadines,2020,
Samoa,2000,150.0
Samoa,2001,160.0
Samoa,2002,170.0000018
Samoa,2003,170.0000018
Samoa,2004,189.9999976
Samoa,2005,209.9999934
Samoa,2006,200.000003
Samoa,2007,200.000003
Samoa,2008,170.0000018
Samoa,2009,180.0000072
Samoa,2010,189.9999976
Samoa,2011,200.000003
Samoa,2012,200.000003
Samoa,2013,200.000003
Samoa,2014,209.9999934
Samoa,2015,239.9999946
Samoa,2016,300.0000119
Samoa,2017,310.0000024
Samoa,2018,289.9999917
Samoa,2019,300.0000119
Samoa,2020,
Sao Tome and Principe,2000,50.0
Sao Tome and Principe,2001,50.0
Sao Tome and Principe,2002,59.99999866
Sao Tome and Principe,2003,70.0000003
Sao Tome and Principe,2004,70.0000003
Sao Tome and Principe,2005,79.99999821
Sao Tome and Principe,2006,79.99999821
Sao Tome and Principe,2007,79.99999821
Sao Tome and Principe,2008,90.00000358
Sao Tome and Principe,2009,90.00000358
Sao Tome and Principe,2010,100.0000015
Sao Tome and Principe,2011,100.0000015
Sao Tome and Principe,2012,119.9999973
Sao Tome and Principe,2013,119.9999973
Sao Tome and Principe,2014,119.9999973
Sao Tome and Principe,2015,119.9999973
Sao Tome and Principe,2016,129.9999952
Sao Tome and Principe,2017,140.0000006
Sao Tome and Principe,2018,140.0000006
Sao Tome and Principe,2019,150.000006
Sao Tome and Principe,2020,
Saudi Arabia,2000,249660.0
Saudi Arabia,2001,254090.0
Saudi Arabia,2002,272250.0
Saudi Arabia,2003,284829.9866
Saudi Arabia,2004,299890.0146
Saudi Arabia,2005,315290.0085
Saudi Arabia,2006,335440.0024
Saudi Arabia,2007,354619.9951
Saudi Arabia,2008,389720.0012
Saudi Arabia,2009,406529.9988
Saudi Arabia,2010,446130.0049
Saudi Arabia,2011,463769.989
Saudi Arabia,2012,492470.0012
Saudi Arabia,2013,503209.9915
Saudi Arabia,2014,540520.0195
Saudi Arabia,2015,565190.0024
Saudi Arabia,2016,561229.9805
Saudi Arabia,2017,545070.0073
Saudi Arabia,2018,521260.0098
Saudi Arabia,2019,523780.0293
Saudi Arabia,2020,
Senegal,2000,4060.0
Senegal,2001,4460.0
Senegal,2002,4579.999924
Senegal,2003,4489.999771
Senegal,2004,5389.999866
Senegal,2005,5670.000076
Senegal,2006,5570.000172
Senegal,2007,6199.999809
Senegal,2008,6440.000057
Senegal,2009,6670.000076
Senegal,2010,7030.00021
Senegal,2011,7570.000172
Senegal,2012,7449.999809
Senegal,2013,8010.000229
Senegal,2014,8569.999695
Senegal,2015,9289.999962
Senegal,2016,10130.00011
Senegal,2017,9800.000191
Senegal,2018,10180.00031
Senegal,2019,10619.99989
Senegal,2020,
Serbia,2007,51459.99908
Serbia,2008,49830.00183
Serbia,2009,46869.99893
Serbia,2010,47099.99847
Serbia,2011,51229.99954
Serbia,2012,45790.00092
Serbia,2013,46470.00122
Serbia,2014,38959.99908
Serbia,2015,45389.99939
Serbia,2016,46619.99893
Serbia,2017,47340.00015
Serbia,2018,46130.00107
Serbia,2019,45950.00076
Serbia,2020,
Seychelles,2000,290.0
Seychelles,2001,320.0
Seychelles,2002,349.999994
Seychelles,2003,340.0000036
Seychelles,2004,379.9999952
Seychelles,2005,379.9999952
Seychelles,2006,389.9999857
Seychelles,2007,400.000006
Seychelles,2008,419.9999869
Seychelles,2009,449.9999881
Seychelles,2010,439.9999976
Seychelles,2011,409.9999964
Seychelles,2012,430.0000072
Seychelles,2013,419.9999869
Seychelles,2014,469.9999988
Seychelles,2015,509.9999905
Seychelles,2016,579.9999833
Seychelles,2017,579.9999833
Seychelles,2018,579.9999833
Seychelles,2019,610.0000143
Seychelles,2020,
Sierra Leone,2000,330.0
Sierra Leone,2001,440.0
Sierra Leone,2002,500.0
Sierra Leone,2003,550.0000119
Sierra Leone,2004,529.9999714
Sierra Leone,2005,449.9999881
Sierra Leone,2006,589.9999738
Sierra Leone,2007,500.0
Sierra Leone,2008,519.9999809
Sierra Leone,2009,519.9999809
Sierra Leone,2010,560.0000024
Sierra Leone,2011,740.0000095
Sierra Leone,2012,860.0000143
Sierra Leone,2013,1039.999962
Sierra Leone,2014,1149.999976
Sierra Leone,2015,910.0000262
Sierra Leone,2016,930.0000072
Sierra Leone,2017,939.9999976
Sierra Leone,2018,860.0000143
Sierra Leone,2019,899.9999762
Sierra Leone,2020,
Singapore,2000,42120.0
Singapore,2001,42030.0
Singapore,2002,41290.00092
Singapore,2003,38159.99985
Singapore,2004,39619.99893
Singapore,2005,36900.00153
Singapore,2006,37169.99817
Singapore,2007,38290.00092
Singapore,2008,38419.99817
Singapore,2009,38830.00183
Singapore,2010,42409.99985
Singapore,2011,44770.00046
Singapore,2012,43689.99863
Singapore,2013,43909.99985
Singapore,2014,44400.00153
Singapore,2015,45430.00031
Singapore,2016,46099.99847
Singapore,2017,49139.99939
Singapore,2018,47400.00153
Singapore,2019,47380.00107
Singapore,2020,
Slovakia,2000,
Slovakia,2001,
Slovakia,2002,
Slovakia,2003,
Slovakia,2004,
Slovakia,2005,
Slovakia,2006,
Slovakia,2007,
Slovakia,2008,
Slovakia,2009,
Slovakia,2010,
Slovakia,2011,
Slovakia,2012,
Slovakia,2013,
Slovakia,2014,
Slovakia,2015,
Slovakia,2016,
Slovakia,2017,
Slovakia,2018,
Slovakia,2019,
Slovakia,2020,
Slovenia,2000,14540.0
Slovenia,2001,15380.0
Slovenia,2002,15520.00046
Slovenia,2003,15409.99985
Slovenia,2004,15699.99981
Slovenia,2005,15920.00008
Slovenia,2006,16290.00092
Slovenia,2007,16280.00069
Slovenia,2008,17360.00061
Slovenia,2009,15510.00023
Slovenia,2010,15779.99973
Slovenia,2011,15699.99981
Slovenia,2012,15119.99989
Slovenia,2013,14550.00019
Slovenia,2014,13109.99966
Slovenia,2015,13140.00034
Slovenia,2016,13899.99962
Slovenia,2017,14119.99989
Slovenia,2018,14069.99969
Slovenia,2019,13600.00038
Slovenia,2020,
Solomon Islands,2000,240.0
Solomon Islands,2001,250.0
Solomon Islands,2002,259.9999905
Solomon Islands,2003,270.0000107
Solomon Islands,2004,310.0000024
Solomon Islands,2005,340.0000036
Solomon Islands,2006,340.0000036
Solomon Islands,2007,340.0000036
Solomon Islands,2008,319.9999928
Solomon Islands,2009,330.0000131
Solomon Islands,2010,340.0000036
Solomon Islands,2011,349.999994
Solomon Islands,2012,349.999994
Solomon Islands,2013,389.9999857
Solomon Islands,2014,340.0000036
Solomon Islands,2015,310.0000024
Solomon Islands,2016,360.0000143
Solomon Islands,2017,349.999994
Solomon Islands,2018,360.0000143
Solomon Islands,2019,360.0000143
Solomon Islands,2020,
Somalia,2000,490.0
Somalia,2001,510.0
Somalia,2002,569.9999928
Somalia,2003,579.9999833
Somalia,2004,579.9999833
Somalia,2005,579.9999833
Somalia,2006,579.9999833
Somalia,2007,620.0000048
Somalia,2008,620.0000048
Somalia,2009,610.0000143
Somalia,2010,629.9999952
Somalia,2011,629.9999952
Somalia,2012,629.9999952
Somalia,2013,649.9999762
Somalia,2014,649.9999762
Somalia,2015,649.9999762
Somalia,2016,660.0000262
Somalia,2017,660.0000262
Somalia,2018,660.0000262
Somalia,2019,689.9999976
Somalia,2020,
South Africa,2000,284660.0
South Africa,2001,320540.0
South Africa,2002,331320.0073
South Africa,2003,353089.9963
South Africa,2004,379989.9902
South Africa,2005,377649.9939
South Africa,2006,379790.0085
South Africa,2007,397059.9976
South Africa,2008,426739.9902
South Africa,2009,404200.0122
South Africa,2010,425309.9976
South Africa,2011,409260.0098
South Africa,2012,426779.9988
South Africa,2013,436920.0134
South Africa,2014,447929.9927
South Africa,2015,424809.9976
South Africa,2016,425140.0146
South Africa,2017,435649.9939
South Africa,2018,434350.0061
South Africa,2019,439640.0146
South Africa,2020,
South Sudan,2013,1450.000048
South Sudan,2014,1529.999971
South Sudan,2015,1970.000029
South Sudan,2016,1730.000019
South Sudan,2017,1519.999981
South Sudan,2018,1549.999952
South Sudan,2019,1700.000048
South Sudan,2020,
Spain,2000,293310.0
Spain,2001,294790.0
Spain,2002,312750.0
Spain,2003,318660.0037
Spain,2004,335559.9976
Spain,2005,350500.0
Spain,2006,341779.9988
Spain,2007,354679.9927
Spain,2008,324269.989
Spain,2009,287489.9902
Spain,2010,273250.0
Spain,2011,274399.9939
Spain,2012,269269.989
Spain,2013,242809.9976
Spain,2014,240960.0067
Spain,2015,256279.9988
Spain,2016,247029.9988
Spain,2017,263450.0122
Spain,2018,257040.0085
Spain,2019,239979.9957
Spain,2020,
Sri Lanka,2000,10930.0
Sri Lanka,2001,10850.0
Sri Lanka,2002,11390.00034
Sri Lanka,2003,12409.99985
Sri Lanka,2004,12869.99989
Sri Lanka,2005,13979.99954
Sri Lanka,2006,12399.99962
Sri Lanka,2007,13590.00015
Sri Lanka,2008,12810.00042
Sri Lanka,2009,12289.99996
Sri Lanka,2010,13069.99969
Sri Lanka,2011,15420.00008
Sri Lanka,2012,16850.00038
Sri Lanka,2013,14479.99954
Sri Lanka,2014,17600.00038
Sri Lanka,2015,20360.00061
Sri Lanka,2016,21930.00031
Sri Lanka,2017,23360.00061
Sri Lanka,2018,21690.00053
Sri Lanka,2019,23780.00069
Sri Lanka,2020,
Sudan,2000,5690.0
Sudan,2001,6250.0
Sudan,2002,7710.000038
Sudan,2003,7929.999828
Sudan,2004,8829.999924
Sudan,2005,10500.0
Sudan,2006,12899.99962
Sudan,2007,13960.00004
Sudan,2008,14949.99981
Sudan,2009,15479.99954
Sudan,2010,16420.00008
Sudan,2011,15920.00008
Sudan,2012,15800.00019
Sudan,2013,15220.00027
Sudan,2014,16120.00084
Sudan,2015,18709.99908
Sudan,2016,21129.99916
Sudan,2017,20959.99908
Sudan,2018,20860.00061
Sudan,2019,20620.00084
Sudan,2020,
Suriname,2000,1480.0
Suriname,2001,1520.0
Suriname,2002,1120.000005
Suriname,2003,1230.000019
Suriname,2004,1389.999986
Suriname,2005,1690.000057
Suriname,2006,1529.999971
Suriname,2007,1409.999967
Suriname,2008,1460.000038
Suriname,2009,1450.000048
Suriname,2010,1740.00001
Suriname,2011,1950.000048
Suriname,2012,2440.000057
Suriname,2013,2289.999962
Suriname,2014,2619.999886
Suriname,2015,2720.000029
Suriname,2016,2950.000048
Suriname,2017,2500.0
Suriname,2018,2210.000038
Suriname,2019,2650.000095
Suriname,2020,
Sweden,2000,53280.0
Sweden,2001,52500.0
Sweden,2002,54020.00046
Sweden,2003,55200.00076
Sweden,2004,53590.00015
Sweden,2005,50209.99908
Sweden,2006,48900.00153
Sweden,2007,47139.99939
Sweden,2008,46150.00153
Sweden,2009,42880.00107
Sweden,2010,48130.00107
Sweden,2011,44580.00183
Sweden,2012,42139.99939
Sweden,2013,40540.00092
Sweden,2014,39080.00183
Sweden,2015,39189.99863
Sweden,2016,38779.99878
Sweden,2017,38290.00092
Sweden,2018,36009.99832
Sweden,2019,35000.0
Sweden,2020,
Switzerland,2000,43710.0
Switzerland,2001,45150.0
Switzerland,2002,43569.99969
Switzerland,2003,44840.00015
Switzerland,2004,45279.99878
Switzerland,2005,45849.99847
Switzerland,2006,45479.99954
Switzerland,2007,43540.00092
Switzerland,2008,44959.99908
Switzerland,2009,43669.99817
Switzerland,2010,45209.99908
Switzerland,2011,41189.99863
Switzerland,2012,42520.00046
Switzerland,2013,43529.99878
Switzerland,2014,39790.00092
Switzerland,2015,39090.00015
Switzerland,2016,39669.99817
Switzerland,2017,38700.00076
Switzerland,2018,37479.99954
Switzerland,2019,37380.00107
Switzerland,2020,
Tajikistan,2000,2200.0
Tajikistan,2001,2150.0
Tajikistan,2002,2130.000114
Tajikistan,2003,2180.000067
Tajikistan,2004,2599.999905
Tajikistan,2005,2470.000029
Tajikistan,2006,2690.000057
Tajikistan,2007,3269.999981
Tajikistan,2008,3039.999962
Tajikistan,2009,2410.000086
Tajikistan,2010,2450.000048
Tajikistan,2011,2559.999943
Tajikistan,2012,3019.999981
Tajikistan,2013,3200.000048
Tajikistan,2014,4579.999924
Tajikistan,2015,4900.000095
Tajikistan,2016,6090.000153
Tajikistan,2017,7369.999886
Tajikistan,2018,8680.000305
Tajikistan,2019,9420.000076
Tajikistan,2020,
Thailand,2000,164490.0
Thailand,2001,173160.0
Thailand,2002,184240.0055
Thailand,2003,191929.9927
Thailand,2004,210190.0024
Thailand,2005,217770.0043
Thailand,2006,219880.0049
Thailand,2007,224589.9963
Thailand,2008,227580.0018
Thailand,2009,220259.9945
Thailand,2010,234380.0049
Thailand,2011,233600.0061
Thailand,2012,250679.9927
Thailand,2013,260700.0122
Thailand,2014,256799.9878
Thailand,2015,264000.0
Thailand,2016,261600.0061
Thailand,2017,258820.0073
Thailand,2018,257049.9878
Thailand,2019,267089.9963
Thailand,2020,
Togo,2000,1270.0
Togo,2001,1180.0
Togo,2002,1340.000033
Togo,2003,1830.000043
Togo,2004,1779.999971
Togo,2005,1750.0
Togo,2006,1570.000052
Togo,2007,1500.0
Togo,2008,1570.000052
Togo,2009,2819.999933
Togo,2010,2630.000114
Togo,2011,2519.999981
Togo,2012,2240.00001
Togo,2013,1750.0
Togo,2014,1590.000033
Togo,2015,1830.000043
Togo,2016,2299.999952
Togo,2017,2069.999933
Togo,2018,2309.999943
Togo,2019,2369.999886
Togo,2020,
Tonga,2000,100.0
Tonga,2001,90.0
Tonga,2002,100.0000015
Tonga,2003,119.9999973
Tonga,2004,129.9999952
Tonga,2005,129.9999952
Tonga,2006,150.000006
Tonga,2007,129.9999952
Tonga,2008,129.9999952
Tonga,2009,140.0000006
Tonga,2010,119.9999973
Tonga,2011,109.9999994
Tonga,2012,109.9999994
Tonga,2013,119.9999973
Tonga,2014,109.9999994
Tonga,2015,119.9999973
Tonga,2016,150.000006
Tonga,2017,180.0000072
Tonga,2018,159.9999964
Tonga,2019,159.9999964
Tonga,2020,
Trinidad and Tobago,2000,10200.0
Trinidad and Tobago,2001,11620.0
Trinidad and Tobago,2002,12680.00031
Trinidad and Tobago,2003,15449.99981
Trinidad and Tobago,2004,16100.00038
Trinidad and Tobago,2005,17590.00015
Trinidad and Tobago,2006,20059.99947
Trinidad and Tobago,2007,20500.0
Trinidad and Tobago,2008,20020.00046
Trinidad and Tobago,2009,19040.00092
Trinidad and Tobago,2010,21459.99908
Trinidad and Tobago,2011,22260.00023
Trinidad and Tobago,2012,21520.00046
Trinidad and Tobago,2013,22209.99908
Trinidad and Tobago,2014,22040.00092
Trinidad and Tobago,2015,21329.99992
Trinidad and Tobago,2016,18309.99947
Trinidad and Tobago,2017,18250.0
Trinidad and Tobago,2018,17780.00069
Trinidad and Tobago,2019,17190.00053
Trinidad and Tobago,2020,
Tunisia,2000,20700.0
Tunisia,2001,21570.0
Tunisia,2002,21709.99908
Tunisia,2003,21500.0
Tunisia,2004,22479.99954
Tunisia,2005,22969.99931
Tunisia,2006,23899.99962
Tunisia,2007,24750.0
Tunisia,2008,25250.0
Tunisia,2009,25290.00092
Tunisia,2010,27520.00046
Tunisia,2011,26340.00015
Tunisia,2012,27790.00092
Tunisia,2013,27850.00038
Tunisia,2014,29950.00076
Tunisia,2015,30479.99954
Tunisia,2016,29610.00061
Tunisia,2017,29959.99908
Tunisia,2018,29889.99939
Tunisia,2019,29909.99985
Tunisia,2020,
Turkey,2000,
Turkey,2001,
Turkey,2002,
Turkey,2003,
Turkey,2004,
Turkey,2005,
Turkey,2006,
Turkey,2007,
Turkey,2008,
Turkey,2009,
Turkey,2010,
Turkey,2011,
Turkey,2012,
Turkey,2013,
Turkey,2014,
Turkey,2015,
Turkey,2016,
Turkey,2017,
Turkey,2018,
Turkey,2019,
Turkey,2020,
Turkmenistan,2000,38510.0
Turkmenistan,2001,39120.0
Turkmenistan,2002,41409.99985
Turkmenistan,2003,46349.99847
Turkmenistan,2004,49369.99893
Turkmenistan,2005,50590.00015
Turkmenistan,2006,51919.99817
Turkmenistan,2007,58479.99954
Turkmenistan,2008,59279.99878
Turkmenistan,2009,52389.99939
Turkmenistan,2010,59180.00031
Turkmenistan,2011,65449.99695
Turkmenistan,2012,69010.00214
Turkmenistan,2013,70220.00122
Turkmenistan,2014,71400.00153
Turkmenistan,2015,73400.00153
Turkmenistan,2016,73339.99634
Turkmenistan,2017,73120.00275
Turkmenistan,2018,73050.00305
Turkmenistan,2019,72870.00275
Turkmenistan,2020,
Tuvalu,2000,10.0
Tuvalu,2001,10.0
Tuvalu,2002,9.999999776
Tuvalu,2003,9.999999776
Tuvalu,2004,9.999999776
Tuvalu,2005,9.999999776
Tuvalu,2006,9.999999776
Tuvalu,2007,9.999999776
Tuvalu,2008,9.999999776
Tuvalu,2009,9.999999776
Tuvalu,2010,9.999999776
Tuvalu,2011,9.999999776
Tuvalu,2012,9.999999776
Tuvalu,2013,9.999999776
Tuvalu,2014,9.999999776
Tuvalu,2015,9.999999776
Tuvalu,2016,9.999999776
Tuvalu,2017,9.999999776
Tuvalu,2018,9.999999776
Tuvalu,2019,9.999999776
Tuvalu,2020,
Uganda,2000,1300.0
Uganda,2001,1300.0
Uganda,2002,1490.00001
Uganda,2003,1570.000052
Uganda,2004,1629.999995
Uganda,2005,2019.999981
Uganda,2006,2400.000095
Uganda,2007,2869.999886
Uganda,2008,2970.000029
Uganda,2009,3359.999895
Uganda,2010,3329.999924
Uganda,2011,3740.00001
Uganda,2012,3779.999971
Uganda,2013,3690.000057
Uganda,2014,4110.000134
Uganda,2015,4719.99979
Uganda,2016,4949.999809
Uganda,2017,5170.000076
Uganda,2018,5860.000134
Uganda,2019,5860.000134
Uganda,2020,
Ukraine,2000,297380.0
Ukraine,2001,300550.0
Ukraine,2002,303940.0024
Ukraine,2003,330230.011
Ukraine,2004,307140.0146
Ukraine,2005,295410.0037
Ukraine,2006,303989.9902
Ukraine,2007,312140.0146
Ukraine,2008,301200.0122
Ukraine,2009,251619.9951
Ukraine,2010,268920.0134
Ukraine,2011,283339.9963
Ukraine,2012,277109.9854
Ukraine,2013,270269.989
Ukraine,2014,237729.9957
Ukraine,2015,191070.0073
Ukraine,2016,201660.0037
Ukraine,2017,174940.0024
Ukraine,2018,185619.9951
Ukraine,2019,174729.9957
Ukraine,2020,
United Arab Emirates,2000,84730.0
United Arab Emirates,2001,97200.0
United Arab Emirates,2002,99150.00153
United Arab Emirates,2003,103819.9997
United Arab Emirates,2004,110010.0021
United Arab Emirates,2005,116459.9991
United Arab Emirates,2006,121559.9976
United Arab Emirates,2007,131830.0018
United Arab Emirates,2008,156050.0031
United Arab Emirates,2009,157020.0043
United Arab Emirates,2010,162789.9933
United Arab Emirates,2011,165600.0061
United Arab Emirates,2012,175589.9963
United Arab Emirates,2013,184470.0012
United Arab Emirates,2014,184759.9945
United Arab Emirates,2015,195240.0055
United Arab Emirates,2016,201080.0018
United Arab Emirates,2017,197039.9933
United Arab Emirates,2018,177119.9951
United Arab Emirates,2019,188860.0006
United Arab Emirates,2020,
United Kingdom,2000,530890.0
United Kingdom,2001,545260.0
United Kingdom,2002,530789.978
United Kingdom,2003,543039.978
United Kingdom,2004,543080.0171
United Kingdom,2005,540919.9829
United Kingdom,2006,542059.9976
United Kingdom,2007,530500.0
United Kingdom,2008,515340.0269
United Kingdom,2009,466489.9902
United Kingdom,2010,482440.0024
United Kingdom,2011,445589.9963
United Kingdom,2012,467779.9988
United Kingdom,2013,453760.0098
United Kingdom,2014,415600.0061
United Kingdom,2015,401079.9866
United Kingdom,2016,380809.9976
United Kingdom,2017,367000.0
United Kingdom,2018,360730.011
United Kingdom,2019,348920.0134
United Kingdom,2020,
United States,2000,5775810.0
United States,2001,5748260.0
United States,2002,5593029.785
United States,2003,5658990.234
United States,2004,5738290.039
United States,2005,5753490.234
United States,2006,5653080.078
United States,2007,5736319.824
United States,2008,5558379.883
United States,2009,5156430.176
United States,2010,5392109.863
United States,2011,5173600.098
United States,2012,4956060.059
United States,2013,5092100.098
United States,2014,5107209.961
United States,2015,4990709.961
United States,2016,4894500.0
United States,2017,4819370.117
United States,2018,4975310.059
United States,2019,4817720.215
United States,2020,
Uruguay,2000,5460.0
Uruguay,2001,4950.0
Uruguay,2002,4530.00021
Uruguay,2003,4489.999771
Uruguay,2004,5460.000038
Uruguay,2005,5420.000076
Uruguay,2006,6329.999924
Uruguay,2007,5849.999905
Uruguay,2008,7750.0
Uruguay,2009,7670.000076
Uruguay,2010,6280.00021
Uruguay,2011,7610.000134
Uruguay,2012,8520.000458
Uruguay,2013,7360.000134
Uruguay,2014,6500.0
Uruguay,2015,6639.999866
Uruguay,2016,6519.999981
Uruguay,2017,6099.999905
Uruguay,2018,6539.999962
Uruguay,2019,6489.999771
Uruguay,2020,
Uzbekistan,2000,123810.0
Uzbekistan,2001,125700.0
Uzbekistan,2002,129889.9994
Uzbekistan,2003,121910.0037
Uzbekistan,2004,124839.9963
Uzbekistan,2005,119190.0024
Uzbekistan,2006,127360.0006
Uzbekistan,2007,122580.0018
Uzbekistan,2008,128880.0049
Uzbekistan,2009,116529.9988
Uzbekistan,2010,126239.9979
Uzbekistan,2011,128630.0049
Uzbekistan,2012,113139.9994
Uzbekistan,2013,111860.0006
Uzbekistan,2014,104870.0027
Uzbekistan,2015,99169.99817
Uzbekistan,2016,105230.0034
Uzbekistan,2017,109529.9988
Uzbekistan,2018,112470.0012
Uzbekistan,2019,116709.9991
Uzbekistan,2020,
Vanuatu,2000,90.0
Vanuatu,2001,90.0
Vanuatu,2002,79.99999821
Vanuatu,2003,90.00000358
Vanuatu,2004,70.0000003
Vanuatu,2005,70.0000003
Vanuatu,2006,70.0000003
Vanuatu,2007,109.9999994
Vanuatu,2008,100.0000015
Vanuatu,2009,129.9999952
Vanuatu,2010,129.9999952
Vanuatu,2011,129.9999952
Vanuatu,2012,119.9999973
Vanuatu,2013,109.9999994
Vanuatu,2014,159.9999964
Vanuatu,2015,140.0000006
Vanuatu,2016,180.0000072
Vanuatu,2017,170.0000018
Vanuatu,2018,209.9999934
Vanuatu,2019,209.9999934
Vanuatu,2020,
Yemen,2000,
Yemen,2001,
Yemen,2002,
Yemen,2003,
Yemen,2004,
Yemen,2005,
Yemen,2006,
Yemen,2007,
Yemen,2008,
Yemen,2009,
Yemen,2010,
Yemen,2011,
Yemen,2012,
Yemen,2013,
Yemen,2014,
Yemen,2015,
Yemen,2016,
Yemen,2017,
Yemen,2018,
Yemen,2019,
Yemen,2020,
Zambia,2000,1810.0
Zambia,2001,1840.0
Zambia,2002,1919.999957
Zambia,2003,2079.999924
Zambia,2004,2109.999895
Zambia,2005,2289.999962
Zambia,2006,2180.000067
Zambia,2007,1980.000019
Zambia,2008,2190.000057
Zambia,2009,2490.00001
Zambia,2010,2660.000086
Zambia,2011,3049.999952
Zambia,2012,4030.00021
Zambia,2013,4239.999771
Zambia,2014,4690.000057
Zambia,2015,4960.000038
Zambia,2016,5320.000172
Zambia,2017,6809.999943
Zambia,2018,7730.000019
Zambia,2019,6800.000191
Zambia,2020,
Zimbabwe,2000,13700.0
Zimbabwe,2001,13900.0
Zimbabwe,2002,12489.99977
Zimbabwe,2003,10180.00031
Zimbabwe,2004,9770.000458
Zimbabwe,2005,10510.00023
Zimbabwe,2006,9829.999924
Zimbabwe,2007,9760.000229
Zimbabwe,2008,7599.999905
Zimbabwe,2009,7750.0
Zimbabwe,2010,9600.000381
Zimbabwe,2011,11409.99985
Zimbabwe,2012,12010.00023
Zimbabwe,2013,12279.99973
Zimbabwe,2014,12079.99992
Zimbabwe,2015,12430.00031
Zimbabwe,2016,11020.00046
Zimbabwe,2017,10340.00015
Zimbabwe,2018,12380.00011
Zimbabwe,2019,11760.00023
Zimbabwe,2020,
